complaint_id,fraud_type,transaction_amount,transaction_count,complaint_count,location_risk,withdrawal_distance,withdrawal_hour,previous_cases,hotspot
CP-00001,Online Shopping Fraud,84310,2,1,0.74,12.62,4,3,0
CP-00002,Online Shopping Fraud,11895,10,14,0.03,5.14,7,0,0
CP-00003,Phishing,26562,12,18,0.42,22.74,8,0,0
CP-00004,UPI Fraud,92006,7,11,0.28,11.16,10,3,0
CP-00005,Online Shopping Fraud,50297,2,12,0.85,30.38,1,14,1
CP-00006,Online Shopping Fraud,16861,15,13,0.08,15.01,20,11,0
CP-00007,Phishing,25703,12,3,0.05,11.78,9,2,0
CP-00008,Investment Fraud,13738,7,9,0.45,41.79,5,11,0
CP-00009,Online Shopping Fraud,27960,11,9,0.7,34.34,2,5,1
CP-00010,Investment Fraud,96068,4,6,0.46,13.86,20,7,0
CP-00011,Online Shopping Fraud,7831,4,2,0.81,20.36,2,6,0
CP-00012,Phishing,94598,6,7,0.66,20.08,20,14,0
CP-00013,Online Shopping Fraud,35218,3,8,0.74,27.18,23,13,1
CP-00014,UPI Fraud,52850,6,8,1.0,7.35,15,2,0
CP-00015,Identity Theft,14871,3,6,0.79,21.4,2,12,1
CP-00016,Online Shopping Fraud,78604,8,17,0.25,27.88,0,3,0
CP-00017,Investment Fraud,98919,5,11,0.11,22.02,14,0,0
CP-00018,Online Shopping Fraud,66112,13,6,0.51,5.77,20,9,0
CP-00019,Online Shopping Fraud,80318,4,5,0.37,8.5,16,0,0
CP-00020,UPI Fraud,42987,8,1,0.11,18.47,9,7,0
CP-00021,Online Shopping Fraud,32071,15,19,0.95,4.74,15,2,1
CP-00022,Phishing,16983,3,16,0.95,8.67,16,13,1
CP-00023,Identity Theft,71186,13,7,0.71,20.25,21,11,0
CP-00024,Online Shopping Fraud,68339,8,4,0.25,3.67,0,7,0
CP-00025,Investment Fraud,29364,1,3,0.71,3.41,2,1,0
CP-00026,Online Shopping Fraud,9787,9,8,0.28,24.53,17,4,0
CP-00027,UPI Fraud,76025,8,8,0.78,40.47,6,3,0
CP-00028,UPI Fraud,86874,7,12,0.42,23.62,23,1,0
CP-00029,Online Shopping Fraud,8444,7,11,0.8,5.91,6,6,0
CP-00030,Online Shopping Fraud,59300,3,14,0.18,23.4,2,14,0
CP-00031,Identity Theft,13333,1,18,0.84,48.47,7,5,0
CP-00032,UPI Fraud,64153,8,7,0.86,45.17,5,12,1
CP-00033,Phishing,51673,5,15,0.29,34.98,23,15,0
CP-00034,Investment Fraud,25390,5,7,0.97,29.17,17,1,0
CP-00035,UPI Fraud,7992,1,19,0.48,46.01,16,5,0
CP-00036,UPI Fraud,67062,2,6,0.07,3.86,7,12,0
CP-00037,Investment Fraud,75168,4,19,0.59,31.16,13,10,0
CP-00038,Identity Theft,27272,11,11,0.24,20.09,21,9,0
CP-00039,UPI Fraud,41941,15,3,0.01,31.25,18,3,0
CP-00040,Investment Fraud,70968,4,17,0.27,46.7,2,7,0
CP-00041,Online Shopping Fraud,37853,3,15,0.83,35.33,19,0,0
CP-00042,Online Shopping Fraud,39740,15,4,0.94,7.15,3,3,1
CP-00043,Online Shopping Fraud,20874,5,10,0.6,36.02,6,8,0
CP-00044,UPI Fraud,64532,5,2,0.09,21.47,8,1,0
CP-00045,Online Shopping Fraud,44219,13,5,0.64,13.47,23,14,1
CP-00046,Online Shopping Fraud,92993,7,18,0.01,4.22,22,4,0
CP-00047,Investment Fraud,5222,14,12,0.58,7.83,4,1,1
CP-00048,Investment Fraud,48295,15,2,0.9,10.9,7,3,0
CP-00049,Phishing,73885,15,14,0.97,37.6,7,5,1
CP-00050,Investment Fraud,54540,1,6,0.74,16.94,13,7,0
CP-00051,Phishing,21366,13,4,0.38,2.42,15,7,0
CP-00052,Phishing,60832,6,10,0.82,43.63,7,0,0
CP-00053,Online Shopping Fraud,52727,6,9,0.86,48.36,8,11,0
CP-00054,Online Shopping Fraud,52886,11,18,0.33,1.87,8,5,0
CP-00055,Online Shopping Fraud,35295,1,4,0.6,17.61,10,13,0
CP-00056,UPI Fraud,67533,2,13,0.9,9.91,1,13,1
CP-00057,Investment Fraud,68646,15,18,0.69,47.04,23,6,1
CP-00058,Online Shopping Fraud,57031,2,11,0.62,33.34,3,9,0
CP-00059,Phishing,41038,11,14,0.33,35.01,17,4,0
CP-00060,Identity Theft,55608,11,13,0.68,45.19,19,9,0
CP-00061,Identity Theft,72319,14,1,0.3,10.9,18,10,0
CP-00062,UPI Fraud,58405,8,7,0.51,39.79,23,5,0
CP-00063,Phishing,37696,9,20,0.34,41.01,7,9,0
CP-00064,Identity Theft,26600,3,1,0.05,49.2,19,2,0
CP-00065,Phishing,54821,15,19,0.19,34.97,15,12,0
CP-00066,Phishing,19842,11,1,0.89,43.09,3,13,1
CP-00067,Phishing,23553,13,17,0.46,28.09,3,14,1
CP-00068,Online Shopping Fraud,61401,11,17,0.99,29.97,14,13,1
CP-00069,Investment Fraud,58946,15,6,0.74,24.0,8,7,0
CP-00070,Investment Fraud,68827,8,8,0.27,4.34,9,7,0
CP-00071,Phishing,44520,6,18,0.08,7.97,12,4,0
CP-00072,Identity Theft,8918,7,14,0.33,23.56,1,6,0
CP-00073,Identity Theft,51549,15,19,0.95,1.47,18,12,1
CP-00074,Identity Theft,1272,6,10,0.75,42.75,13,7,0
CP-00075,Phishing,29260,5,14,0.49,19.75,21,12,0
CP-00076,UPI Fraud,61761,15,5,0.98,26.94,12,0,1
CP-00077,Investment Fraud,84746,7,5,0.87,9.5,8,12,0
CP-00078,Investment Fraud,28242,8,11,0.34,44.04,8,13,0
CP-00079,UPI Fraud,11235,8,1,0.75,3.08,11,7,0
CP-00080,Phishing,85926,1,1,0.95,10.37,0,4,0
CP-00081,Investment Fraud,17044,8,4,0.56,11.29,22,8,0
CP-00082,UPI Fraud,22492,10,20,0.96,36.06,5,9,1
CP-00083,Phishing,76349,1,10,0.58,45.45,12,12,0
CP-00084,Online Shopping Fraud,10461,10,8,0.1,38.74,21,3,0
CP-00085,UPI Fraud,5883,6,18,0.43,18.84,16,10,0
CP-00086,Phishing,55557,14,16,0.11,48.06,20,14,0
CP-00087,Identity Theft,57580,3,17,0.97,13.87,17,15,1
CP-00088,Identity Theft,57591,14,19,0.27,42.66,2,8,0
CP-00089,Identity Theft,32463,13,15,0.57,33.58,10,0,0
CP-00090,Online Shopping Fraud,43100,3,16,0.21,39.99,10,8,0
CP-00091,Phishing,92405,15,9,0.56,26.07,6,2,0
CP-00092,Identity Theft,94881,7,16,0.56,12.4,15,15,0
CP-00093,Identity Theft,2760,2,10,0.22,34.74,9,11,0
CP-00094,Identity Theft,73044,9,12,0.43,37.42,10,11,0
CP-00095,Online Shopping Fraud,36009,5,9,0.23,36.2,10,3,0
CP-00096,UPI Fraud,90961,3,7,0.22,24.47,23,9,0
CP-00097,Investment Fraud,25943,5,8,0.36,15.46,22,4,0
CP-00098,UPI Fraud,6465,1,18,0.29,47.23,20,15,0
CP-00099,Investment Fraud,2107,10,10,0.47,22.3,5,1,0
CP-00100,Phishing,63116,2,3,0.4,4.17,20,1,0
CP-00101,Online Shopping Fraud,20055,13,19,0.95,4.72,7,3,1
CP-00102,Identity Theft,55048,10,20,0.79,11.67,16,12,1
CP-00103,Online Shopping Fraud,58528,5,19,0.99,15.62,19,1,1
CP-00104,Phishing,97504,2,7,0.63,13.6,2,5,0
CP-00105,Investment Fraud,23282,9,3,0.16,20.72,22,15,0
CP-00106,Phishing,4778,4,10,0.71,35.3,14,2,0
CP-00107,Online Shopping Fraud,35175,13,19,0.66,46.72,13,3,1
CP-00108,Phishing,29966,11,5,0.91,41.42,2,1,1
CP-00109,Identity Theft,40819,10,19,0.92,22.24,14,9,1
CP-00110,Investment Fraud,36183,9,18,0.49,4.48,1,13,1
CP-00111,Investment Fraud,79629,5,1,0.09,48.11,18,0,0
CP-00112,Online Shopping Fraud,76029,1,6,0.47,32.75,8,5,0
CP-00113,Investment Fraud,57632,11,16,0.97,23.77,13,10,1
CP-00114,Online Shopping Fraud,88335,2,6,0.33,34.84,9,12,0
CP-00115,Online Shopping Fraud,5309,8,3,0.31,16.5,12,0,0
CP-00116,UPI Fraud,61052,7,2,0.19,18.41,15,14,0
CP-00117,UPI Fraud,27180,5,18,0.13,14.76,22,15,0
CP-00118,Online Shopping Fraud,4283,11,20,0.8,35.63,9,0,1
CP-00119,Phishing,53976,2,8,0.99,45.69,14,3,0
CP-00120,Phishing,65823,15,10,0.51,14.03,15,15,0
CP-00121,UPI Fraud,60371,9,5,0.38,46.13,16,4,0
CP-00122,Investment Fraud,36708,13,14,0.34,39.49,8,0,0
CP-00123,Online Shopping Fraud,95664,5,19,0.58,33.17,4,14,1
CP-00124,Phishing,63983,6,11,0.55,27.4,14,10,0
CP-00125,Investment Fraud,91922,4,19,0.38,42.87,13,1,0
CP-00126,Identity Theft,98109,8,13,0.39,33.35,20,4,0
CP-00127,UPI Fraud,5352,3,17,0.97,16.93,3,14,1
CP-00128,UPI Fraud,69437,15,15,0.02,7.64,20,4,0
CP-00129,Investment Fraud,62037,13,9,0.34,34.79,20,2,0
CP-00130,Online Shopping Fraud,88889,14,18,0.38,16.17,22,15,0
CP-00131,UPI Fraud,5205,10,3,0.23,34.38,9,7,0
CP-00132,Investment Fraud,57381,2,4,0.44,34.85,0,1,0
CP-00133,Online Shopping Fraud,7855,5,12,0.37,7.71,16,13,0
CP-00134,Identity Theft,89864,13,6,0.17,4.41,12,7,0
CP-00135,Identity Theft,76935,3,8,0.46,13.07,8,0,0
CP-00136,Identity Theft,38200,11,18,0.16,22.37,11,9,0
CP-00137,UPI Fraud,90980,5,15,0.85,10.36,12,15,1
CP-00138,UPI Fraud,31591,7,19,0.36,15.15,22,9,0
CP-00139,Online Shopping Fraud,86775,7,9,0.01,43.32,23,1,0
CP-00140,Phishing,98171,8,10,0.78,11.89,11,7,0
CP-00141,Investment Fraud,81881,5,5,0.63,45.22,20,1,0
CP-00142,Identity Theft,58279,1,19,0.36,7.0,9,10,0
CP-00143,Phishing,23521,4,5,0.79,43.88,11,8,0
CP-00144,Identity Theft,34181,15,16,0.97,15.11,10,3,1
CP-00145,UPI Fraud,10369,3,8,0.86,36.35,12,11,0
CP-00146,Online Shopping Fraud,52217,1,9,0.54,23.01,21,8,0
CP-00147,Online Shopping Fraud,50441,14,12,0.11,12.07,0,10,0
CP-00148,Identity Theft,29515,11,3,0.64,23.48,22,9,0
CP-00149,UPI Fraud,15792,3,2,0.95,15.57,15,3,0
CP-00150,Online Shopping Fraud,31275,15,18,0.14,22.96,21,13,0
CP-00151,Investment Fraud,97790,12,5,0.89,32.92,15,13,1
CP-00152,UPI Fraud,4788,12,12,0.22,22.51,7,11,0
CP-00153,Investment Fraud,90373,6,18,0.9,32.42,1,12,1
CP-00154,UPI Fraud,25378,2,15,0.09,11.0,20,0,0
CP-00155,Online Shopping Fraud,44213,4,5,0.79,10.66,17,6,0
CP-00156,Investment Fraud,28805,14,8,0.33,7.8,19,0,0
CP-00157,Phishing,19464,3,18,0.25,9.14,21,0,0
CP-00158,Phishing,2447,6,8,0.59,1.28,8,1,0
CP-00159,Online Shopping Fraud,97718,7,17,0.11,3.65,14,11,0
CP-00160,Identity Theft,78312,2,15,0.5,47.3,1,9,0
CP-00161,Identity Theft,84823,1,2,1.0,42.44,13,3,0
CP-00162,UPI Fraud,93875,15,15,0.07,4.5,19,4,0
CP-00163,Online Shopping Fraud,17040,5,20,0.63,27.64,10,12,0
CP-00164,Online Shopping Fraud,70041,5,15,0.51,21.79,22,3,0
CP-00165,Identity Theft,94981,14,7,0.43,44.46,13,10,0
CP-00166,Phishing,52762,7,4,0.31,15.97,8,11,0
CP-00167,UPI Fraud,90523,15,16,0.07,41.67,2,13,0
CP-00168,UPI Fraud,98094,12,12,0.81,28.04,18,10,1
CP-00169,Investment Fraud,54345,6,14,0.87,36.19,9,9,1
CP-00170,Investment Fraud,14079,10,17,0.21,33.01,7,3,0
CP-00171,Online Shopping Fraud,73410,6,4,0.76,28.92,13,0,0
CP-00172,Investment Fraud,86723,14,9,0.03,14.03,9,10,0
CP-00173,UPI Fraud,1300,3,5,0.57,20.34,4,0,0
CP-00174,Investment Fraud,98294,9,7,0.38,22.96,5,11,0
CP-00175,Online Shopping Fraud,95081,6,19,0.6,44.23,4,5,1
CP-00176,Identity Theft,7022,11,3,0.27,33.27,15,14,0
CP-00177,Online Shopping Fraud,36304,4,17,0.11,21.78,9,15,0
CP-00178,Phishing,87942,5,2,0.22,49.23,1,0,0
CP-00179,Identity Theft,40007,4,5,0.76,14.83,3,0,0
CP-00180,UPI Fraud,98412,7,6,0.13,26.86,7,11,0
CP-00181,Online Shopping Fraud,52544,14,2,0.44,23.26,2,10,0
CP-00182,UPI Fraud,56767,10,13,0.71,21.18,3,12,1
CP-00183,Identity Theft,43068,3,20,0.46,34.64,11,2,0
CP-00184,Investment Fraud,14375,4,14,0.59,26.44,12,9,0
CP-00185,Investment Fraud,29541,6,6,0.08,31.84,16,6,0
CP-00186,Online Shopping Fraud,46519,12,5,0.24,7.75,6,5,0
CP-00187,Online Shopping Fraud,20536,13,3,0.18,38.76,15,14,0
CP-00188,Phishing,76452,8,19,0.64,49.33,10,10,0
CP-00189,Investment Fraud,58140,2,16,0.44,15.49,8,1,0
CP-00190,UPI Fraud,66997,2,10,0.46,2.36,11,9,0
CP-00191,Identity Theft,84997,14,3,0.62,25.6,14,1,0
CP-00192,Identity Theft,75428,11,7,0.32,24.04,4,1,0
CP-00193,UPI Fraud,14066,13,11,0.98,4.67,20,5,1
CP-00194,Investment Fraud,32972,12,15,0.99,26.44,19,5,1
CP-00195,Investment Fraud,49370,15,10,0.39,38.84,21,1,0
CP-00196,Investment Fraud,9139,6,4,0.56,19.63,8,4,0
CP-00197,Phishing,11182,10,5,0.92,15.86,20,12,1
CP-00198,Online Shopping Fraud,78493,12,3,0.31,19.15,10,4,0
CP-00199,Phishing,12749,11,14,0.51,1.4,9,5,1
CP-00200,Investment Fraud,45291,13,16,0.19,50.0,4,2,0
CP-00201,Online Shopping Fraud,13756,9,18,0.84,44.24,1,10,1
CP-00202,Identity Theft,17676,10,13,0.15,9.45,22,5,0
CP-00203,Identity Theft,6226,7,12,0.68,12.26,14,9,0
CP-00204,Investment Fraud,31171,9,8,0.31,40.53,15,6,0
CP-00205,Phishing,89407,10,15,0.46,14.45,12,13,0
CP-00206,Investment Fraud,26674,13,20,0.14,12.88,20,15,0
CP-00207,UPI Fraud,73184,15,4,0.71,26.04,3,9,1
CP-00208,Phishing,21512,5,15,0.91,7.79,13,2,0
CP-00209,Phishing,59630,15,12,0.93,21.04,12,11,1
CP-00210,Phishing,51115,2,12,0.22,16.27,3,10,0
CP-00211,Identity Theft,18535,1,10,0.92,23.89,4,15,1
CP-00212,UPI Fraud,81154,1,3,0.02,11.17,4,13,0
CP-00213,UPI Fraud,38262,4,10,0.12,12.3,20,14,0
CP-00214,Phishing,15030,14,16,0.6,1.31,16,7,1
CP-00215,UPI Fraud,38677,7,1,0.61,12.41,13,5,0
CP-00216,Identity Theft,69114,6,3,0.95,27.43,16,0,0
CP-00217,UPI Fraud,62121,1,13,0.98,13.06,0,11,1
CP-00218,UPI Fraud,45693,4,4,0.77,36.89,10,4,0
CP-00219,Identity Theft,46676,9,11,0.81,9.17,21,14,1
CP-00220,Investment Fraud,83302,3,5,0.06,38.92,14,1,0
CP-00221,Online Shopping Fraud,26922,1,7,0.89,16.12,9,12,0
CP-00222,Investment Fraud,62549,5,2,0.75,9.96,11,1,0
CP-00223,Investment Fraud,36311,2,12,0.44,20.3,14,12,0
CP-00224,Identity Theft,24986,8,16,0.37,39.97,8,2,0
CP-00225,UPI Fraud,10845,7,20,1.0,9.43,9,10,1
CP-00226,Identity Theft,10994,6,10,0.31,30.33,13,5,0
CP-00227,Investment Fraud,46577,8,2,0.73,45.62,19,13,0
CP-00228,UPI Fraud,84316,13,2,0.08,32.06,11,5,0
CP-00229,Phishing,19214,14,20,0.68,22.19,4,2,1
CP-00230,Identity Theft,85062,6,12,0.38,28.58,19,4,0
CP-00231,Identity Theft,49123,6,15,0.76,28.91,16,11,0
CP-00232,Identity Theft,41707,11,9,0.25,6.12,23,5,0
CP-00233,Phishing,68361,7,18,0.12,38.86,22,14,0
CP-00234,Phishing,80699,5,16,0.2,7.22,2,14,0
CP-00235,UPI Fraud,94002,8,3,0.81,48.39,10,11,0
CP-00236,Investment Fraud,72589,9,10,0.89,42.64,22,5,1
CP-00237,UPI Fraud,67183,4,4,0.99,39.71,7,15,1
CP-00238,Online Shopping Fraud,47803,9,19,0.37,40.28,17,4,0
CP-00239,Identity Theft,11800,2,10,0.4,35.99,15,13,0
CP-00240,Online Shopping Fraud,75853,2,5,0.97,32.3,14,14,0
CP-00241,Online Shopping Fraud,45656,3,18,0.64,9.51,4,13,1
CP-00242,Phishing,7763,14,4,0.52,15.55,5,10,0
CP-00243,Phishing,45853,9,10,0.85,12.9,20,8,1
CP-00244,Phishing,82422,5,20,0.53,25.38,5,4,0
CP-00245,UPI Fraud,86841,10,20,0.34,46.23,1,0,0
CP-00246,Online Shopping Fraud,6458,11,19,0.26,10.94,18,13,0
CP-00247,Identity Theft,84253,1,16,0.89,27.51,20,9,0
CP-00248,Identity Theft,32596,13,13,0.3,4.11,1,5,1
CP-00249,Investment Fraud,54976,8,15,0.2,30.53,10,10,0
CP-00250,UPI Fraud,52760,3,12,0.51,5.76,7,14,0
CP-00251,Phishing,35558,8,8,0.14,3.0,12,13,0
CP-00252,Identity Theft,21432,14,11,0.93,36.2,6,5,1
CP-00253,Online Shopping Fraud,67966,8,16,0.88,25.12,2,12,1
CP-00254,Online Shopping Fraud,60430,4,7,0.58,2.91,9,15,0
CP-00255,Phishing,86255,11,16,0.29,0.9,3,13,1
CP-00256,Online Shopping Fraud,35164,12,12,0.76,18.61,12,1,0
CP-00257,Online Shopping Fraud,74138,4,12,0.55,4.14,16,14,0
CP-00258,Investment Fraud,37163,14,20,0.68,6.38,3,12,1
CP-00259,Online Shopping Fraud,44944,9,12,0.75,10.35,16,12,1
CP-00260,Phishing,5776,1,2,0.14,16.99,15,14,0
CP-00261,Identity Theft,79963,15,17,0.14,46.6,10,5,0
CP-00262,Online Shopping Fraud,81305,12,10,0.59,25.61,16,15,0
CP-00263,UPI Fraud,39794,8,1,0.37,33.85,13,9,0
CP-00264,UPI Fraud,78738,8,9,0.97,39.25,18,7,1
CP-00265,Phishing,76983,8,6,0.52,36.2,12,4,0
CP-00266,Identity Theft,4638,10,4,0.19,22.33,13,4,0
CP-00267,Phishing,91005,4,14,0.5,30.77,15,1,0
CP-00268,Investment Fraud,68484,4,18,0.33,33.28,16,12,0
CP-00269,Online Shopping Fraud,23199,8,18,0.34,18.04,23,8,0
CP-00270,Phishing,63962,4,8,0.28,15.28,9,9,0
CP-00271,Investment Fraud,90971,12,16,0.32,17.77,23,8,0
CP-00272,Investment Fraud,16474,10,18,0.38,49.02,11,4,0
CP-00273,Phishing,6013,5,3,0.35,22.4,8,15,0
CP-00274,UPI Fraud,26985,14,18,0.27,28.32,8,4,0
CP-00275,Phishing,81198,12,19,0.24,3.01,16,7,0
CP-00276,UPI Fraud,7380,2,14,0.33,23.88,21,4,0
CP-00277,Phishing,72635,15,6,0.41,46.78,15,15,0
CP-00278,Online Shopping Fraud,99578,5,11,0.29,3.43,2,7,0
CP-00279,Identity Theft,97321,12,2,0.91,9.17,5,1,1
CP-00280,Investment Fraud,65430,3,10,0.88,0.96,18,3,1
CP-00281,Investment Fraud,37798,8,18,0.52,44.52,4,14,1
CP-00282,Phishing,25772,13,4,0.33,36.69,20,8,0
CP-00283,Online Shopping Fraud,2346,12,11,0.79,28.61,6,5,1
CP-00284,UPI Fraud,84219,15,13,0.83,26.01,2,12,1
CP-00285,Phishing,24719,3,16,0.32,12.78,8,12,0
CP-00286,Investment Fraud,59054,13,9,0.95,15.45,23,0,1
CP-00287,Identity Theft,86179,6,8,0.06,6.35,9,5,0
CP-00288,Online Shopping Fraud,90425,9,10,0.69,32.12,9,11,0
CP-00289,Identity Theft,29447,4,5,0.48,23.02,19,11,0
CP-00290,Online Shopping Fraud,92504,9,16,0.76,40.2,6,7,1
CP-00291,UPI Fraud,11230,9,15,0.53,18.41,18,3,0
CP-00292,Online Shopping Fraud,72281,15,17,0.2,27.06,5,10,0
CP-00293,UPI Fraud,58412,2,7,0.72,24.7,16,14,0
CP-00294,Investment Fraud,59932,3,17,0.42,28.41,17,14,0
CP-00295,UPI Fraud,95301,1,13,0.25,0.65,6,2,0
CP-00296,UPI Fraud,56034,6,3,0.54,3.48,2,15,1
CP-00297,Investment Fraud,38129,7,6,0.77,38.41,23,13,1
CP-00298,Investment Fraud,50632,8,13,0.38,34.3,21,4,0
CP-00299,UPI Fraud,16049,3,18,0.39,6.8,7,0,0
CP-00300,Identity Theft,39607,8,18,0.42,19.27,7,7,0
CP-00301,Identity Theft,45871,3,9,0.19,43.82,3,1,0
CP-00302,Identity Theft,81099,13,1,0.24,3.83,19,1,0
CP-00303,Online Shopping Fraud,78852,11,2,0.24,2.69,14,7,0
CP-00304,Online Shopping Fraud,28977,13,2,0.14,49.68,7,10,0
CP-00305,Identity Theft,78870,13,11,0.24,43.87,21,7,0
CP-00306,Identity Theft,39887,5,2,0.56,29.79,23,5,0
CP-00307,Online Shopping Fraud,73356,8,2,0.97,47.11,21,12,1
CP-00308,Phishing,42277,12,14,0.41,15.34,5,15,1
CP-00309,Identity Theft,30036,5,5,0.81,45.78,17,13,0
CP-00310,Identity Theft,73544,9,5,0.39,13.12,10,2,0
CP-00311,Online Shopping Fraud,49137,2,18,0.72,9.93,8,12,0
CP-00312,Identity Theft,79526,1,3,0.19,38.2,23,6,0
CP-00313,UPI Fraud,27879,14,11,0.3,45.5,6,6,0
CP-00314,Identity Theft,98394,13,16,0.91,34.93,22,6,1
CP-00315,Investment Fraud,31869,9,11,0.78,19.34,17,11,1
CP-00316,Investment Fraud,34783,6,17,0.88,23.57,23,15,1
CP-00317,UPI Fraud,27124,6,11,0.41,28.34,7,4,0
CP-00318,Investment Fraud,34680,9,19,0.58,21.17,4,6,1
CP-00319,Investment Fraud,30649,7,19,0.83,25.22,20,10,1
CP-00320,Phishing,64544,12,16,0.46,36.77,11,5,0
CP-00321,Online Shopping Fraud,94912,9,16,0.18,44.52,20,1,0
CP-00322,Phishing,4933,14,3,0.95,33.58,0,13,1
CP-00323,Investment Fraud,83167,4,3,0.71,0.95,16,14,0
CP-00324,Online Shopping Fraud,8423,10,20,0.91,33.13,0,0,1
CP-00325,UPI Fraud,72805,7,1,0.02,36.25,17,9,0
CP-00326,Online Shopping Fraud,66326,14,14,0.81,45.53,3,3,1
CP-00327,Identity Theft,20016,4,7,0.62,12.99,11,8,0
CP-00328,Investment Fraud,10857,6,13,0.46,12.54,22,7,0
CP-00329,Identity Theft,90158,14,3,0.65,42.98,1,2,0
CP-00330,UPI Fraud,50210,7,18,0.48,32.02,22,5,0
CP-00331,Phishing,66017,14,14,0.64,16.9,3,1,1
CP-00332,Online Shopping Fraud,28210,15,19,0.48,2.8,2,8,1
CP-00333,Online Shopping Fraud,74360,11,2,0.18,42.6,0,6,0
CP-00334,Online Shopping Fraud,19399,13,13,0.93,15.31,18,7,1
CP-00335,Online Shopping Fraud,51507,11,18,0.33,37.9,4,2,0
CP-00336,Online Shopping Fraud,98208,6,2,0.1,11.99,2,10,0
CP-00337,Identity Theft,80960,10,13,0.97,16.66,20,8,1
CP-00338,UPI Fraud,64804,4,12,0.55,19.08,5,12,0
CP-00339,Phishing,81583,5,8,0.71,4.56,4,12,1
CP-00340,Investment Fraud,97448,7,11,0.36,5.03,9,14,0
CP-00341,UPI Fraud,35858,2,5,0.09,21.83,17,13,0
CP-00342,UPI Fraud,3942,2,12,0.55,30.05,10,12,0
CP-00343,Online Shopping Fraud,38753,7,13,0.78,36.38,17,7,0
CP-00344,Phishing,68802,3,13,0.17,13.81,8,15,0
CP-00345,Investment Fraud,8792,3,14,0.28,15.34,2,11,0
CP-00346,Investment Fraud,32821,12,16,0.59,10.18,3,4,1
CP-00347,Investment Fraud,1387,7,11,0.84,19.3,10,14,1
CP-00348,Identity Theft,56941,14,20,0.14,16.37,22,6,0
CP-00349,Online Shopping Fraud,41680,3,13,0.97,14.93,22,15,1
CP-00350,Online Shopping Fraud,32275,6,13,0.28,39.4,11,3,0
CP-00351,Phishing,26688,10,18,0.18,38.5,0,14,0
CP-00352,Phishing,57969,13,10,0.83,3.92,13,15,1
CP-00353,UPI Fraud,83512,5,8,0.25,8.13,13,12,0
CP-00354,Online Shopping Fraud,59360,10,16,0.58,26.95,22,13,0
CP-00355,UPI Fraud,5318,13,12,0.7,40.71,19,2,0
CP-00356,Investment Fraud,33036,11,12,0.17,30.83,18,12,0
CP-00357,Identity Theft,56920,2,1,0.1,11.49,23,7,0
CP-00358,Investment Fraud,49536,7,15,0.77,29.64,16,4,0
CP-00359,Phishing,3719,8,4,0.3,46.07,2,3,0
CP-00360,Identity Theft,46156,5,11,0.46,10.74,15,11,0
CP-00361,UPI Fraud,13295,8,15,0.32,15.36,22,3,0
CP-00362,Online Shopping Fraud,45467,11,4,0.68,8.64,23,7,1
CP-00363,Identity Theft,23365,9,6,0.33,21.61,14,7,0
CP-00364,Identity Theft,83043,3,6,0.64,21.89,0,6,0
CP-00365,Online Shopping Fraud,78121,7,13,0.0,11.13,8,2,0
CP-00366,Investment Fraud,13836,13,18,0.19,16.64,14,3,0
CP-00367,Online Shopping Fraud,88410,14,16,0.53,32.14,19,12,1
CP-00368,Investment Fraud,51951,10,4,0.35,42.35,19,5,0
CP-00369,UPI Fraud,81041,10,3,0.67,16.0,7,9,0
CP-00370,Identity Theft,24492,6,5,0.51,21.2,4,12,0
CP-00371,Identity Theft,24847,8,18,0.69,32.44,5,5,1
CP-00372,UPI Fraud,38358,3,6,0.31,22.82,1,11,0
CP-00373,Identity Theft,64018,3,7,0.82,48.21,16,15,0
CP-00374,Online Shopping Fraud,90244,8,14,0.71,22.47,5,2,1
CP-00375,Phishing,4544,13,8,0.29,14.11,17,9,0
CP-00376,Online Shopping Fraud,60442,10,16,0.55,6.1,3,8,1
CP-00377,UPI Fraud,48585,9,2,0.76,22.35,6,13,0
CP-00378,Investment Fraud,96967,14,8,0.3,49.97,14,8,0
CP-00379,Online Shopping Fraud,11901,8,4,0.78,12.23,23,11,1
CP-00380,Online Shopping Fraud,83438,7,6,0.62,39.35,6,1,0
CP-00381,Investment Fraud,46482,9,9,0.6,8.83,22,9,0
CP-00382,Identity Theft,75569,5,17,0.99,34.13,3,4,1
CP-00383,Phishing,8270,5,5,0.7,7.07,4,10,0
CP-00384,Identity Theft,89135,7,16,0.14,31.8,20,13,0
CP-00385,Identity Theft,59743,2,3,0.4,37.62,22,11,0
CP-00386,Identity Theft,64468,6,19,0.0,38.82,23,2,0
CP-00387,Identity Theft,83709,11,12,0.85,39.89,12,6,1
CP-00388,Online Shopping Fraud,28267,8,9,0.32,14.54,17,4,0
CP-00389,Identity Theft,64114,13,11,0.89,38.23,1,3,1
CP-00390,Phishing,2634,2,6,0.44,0.53,13,6,0
CP-00391,Investment Fraud,85696,5,6,0.87,43.89,2,11,1
CP-00392,Identity Theft,11303,6,6,0.05,31.47,23,7,0
CP-00393,Online Shopping Fraud,86415,2,4,0.0,24.1,4,7,0
CP-00394,Phishing,89626,8,1,0.01,17.51,3,13,0
CP-00395,Investment Fraud,63113,2,8,0.38,36.67,3,3,0
CP-00396,UPI Fraud,48677,15,10,0.14,38.79,4,4,0
CP-00397,Phishing,70034,10,1,0.61,8.62,11,6,0
CP-00398,UPI Fraud,54463,10,15,0.86,4.79,3,4,1
CP-00399,Investment Fraud,77776,12,13,0.35,21.75,4,7,0
CP-00400,UPI Fraud,84991,2,8,0.55,30.2,19,9,0
CP-00401,Investment Fraud,86798,15,10,0.21,30.54,6,12,0
CP-00402,Online Shopping Fraud,85194,1,8,0.49,6.08,15,2,0
CP-00403,Investment Fraud,2081,6,11,0.13,43.11,18,13,0
CP-00404,Online Shopping Fraud,72112,11,6,0.76,47.75,2,0,1
CP-00405,Online Shopping Fraud,9351,1,9,0.22,46.17,12,9,0
CP-00406,Investment Fraud,54951,7,13,0.08,27.06,19,4,0
CP-00407,Identity Theft,11457,5,3,0.51,10.56,4,10,0
CP-00408,Phishing,77365,11,3,0.31,22.16,7,1,0
CP-00409,Phishing,11800,15,14,0.12,30.81,1,9,0
CP-00410,Phishing,16155,1,5,0.7,8.61,11,8,0
CP-00411,Identity Theft,49241,3,9,0.73,6.34,0,10,1
CP-00412,Identity Theft,36149,9,3,0.26,48.77,20,2,0
CP-00413,Phishing,60163,9,12,0.06,43.04,5,11,0
CP-00414,Online Shopping Fraud,33938,13,4,0.89,33.87,3,7,1
CP-00415,Phishing,836,1,1,0.24,23.85,12,4,0
CP-00416,Investment Fraud,5135,9,14,0.22,12.79,23,10,0
CP-00417,Phishing,10708,10,12,0.12,33.83,1,5,0
CP-00418,Investment Fraud,68103,1,13,0.07,23.52,9,9,0
CP-00419,Online Shopping Fraud,11822,9,15,0.01,10.43,18,9,0
CP-00420,Phishing,32295,8,12,0.59,24.92,6,7,0
CP-00421,Investment Fraud,1335,15,14,0.02,27.31,20,0,0
CP-00422,Online Shopping Fraud,691,13,13,0.85,36.5,3,6,1
CP-00423,UPI Fraud,31717,7,16,0.96,48.64,4,8,1
CP-00424,Identity Theft,6254,15,8,0.9,26.23,22,11,1
CP-00425,Online Shopping Fraud,98528,2,19,0.1,7.11,12,2,0
CP-00426,Investment Fraud,74925,1,14,0.66,6.97,9,8,0
CP-00427,Phishing,52005,12,11,0.32,13.96,2,6,0
CP-00428,UPI Fraud,77138,2,5,0.11,22.75,10,13,0
CP-00429,Phishing,70744,6,7,0.45,23.44,3,2,0
CP-00430,UPI Fraud,90422,5,20,0.04,41.88,10,4,0
CP-00431,Phishing,93712,4,12,0.4,2.92,9,8,0
CP-00432,UPI Fraud,4573,7,15,0.56,27.73,3,14,1
CP-00433,Phishing,18822,2,1,0.06,39.16,7,4,0
CP-00434,UPI Fraud,53005,6,3,0.58,13.31,2,0,0
CP-00435,UPI Fraud,26419,15,15,0.81,5.05,10,3,1
CP-00436,Identity Theft,60923,1,6,0.92,21.94,23,12,1
CP-00437,Investment Fraud,4364,7,14,0.17,11.13,5,8,0
CP-00438,Identity Theft,58959,15,5,0.03,31.15,7,9,0
CP-00439,Identity Theft,54500,15,18,0.48,4.84,12,4,1
CP-00440,Identity Theft,26643,11,17,0.25,49.71,17,0,0
CP-00441,Identity Theft,94002,6,16,0.54,24.49,18,10,0
CP-00442,Identity Theft,35946,3,1,0.32,11.34,8,1,0
CP-00443,Phishing,69893,6,19,1.0,48.71,3,7,1
CP-00444,Investment Fraud,35434,9,2,0.76,47.42,18,12,0
CP-00445,Online Shopping Fraud,23268,3,8,0.59,40.41,22,11,0
CP-00446,Identity Theft,4197,12,12,0.95,28.4,18,6,1
CP-00447,UPI Fraud,71557,5,6,0.49,4.97,7,7,0
CP-00448,Phishing,69502,8,1,0.33,30.9,4,10,0
CP-00449,Online Shopping Fraud,42913,1,1,0.15,35.38,4,3,0
CP-00450,Investment Fraud,48326,2,12,0.7,33.28,18,3,0
CP-00451,Investment Fraud,40052,6,5,0.98,36.75,13,15,1
CP-00452,Online Shopping Fraud,23333,12,18,0.69,46.48,11,7,1
CP-00453,Online Shopping Fraud,23483,7,10,0.73,15.08,5,0,0
CP-00454,Online Shopping Fraud,51827,14,19,0.03,30.32,19,7,0
CP-00455,Investment Fraud,14145,15,16,0.14,37.39,7,11,0
CP-00456,Identity Theft,22505,11,3,0.82,33.67,23,10,1
CP-00457,UPI Fraud,1993,5,7,0.25,3.86,8,3,0
CP-00458,Identity Theft,6810,7,15,0.73,48.47,13,15,1
CP-00459,Phishing,46536,9,13,0.1,24.23,18,7,0
CP-00460,Investment Fraud,59651,2,2,0.29,16.28,3,2,0
CP-00461,Online Shopping Fraud,22796,15,13,0.16,4.21,2,10,1
CP-00462,Online Shopping Fraud,80931,15,16,0.7,21.85,20,5,1
CP-00463,Online Shopping Fraud,57411,3,2,0.1,10.67,6,13,0
CP-00464,UPI Fraud,95138,15,18,0.27,14.44,7,3,0
CP-00465,Identity Theft,51998,10,18,0.84,8.1,11,0,1
CP-00466,Investment Fraud,11985,5,20,0.48,5.3,6,5,0
CP-00467,UPI Fraud,11239,8,4,0.31,20.17,15,8,0
CP-00468,Identity Theft,84630,9,13,0.18,44.33,11,5,0
CP-00469,Phishing,6348,5,15,0.47,11.7,8,1,0
CP-00470,Online Shopping Fraud,99096,12,4,0.09,17.52,17,13,0
CP-00471,Online Shopping Fraud,30320,9,2,0.84,41.01,13,15,0
CP-00472,Online Shopping Fraud,31386,8,10,0.08,45.19,22,1,0
CP-00473,UPI Fraud,75370,15,17,0.8,34.04,19,4,1
CP-00474,Phishing,99746,8,6,0.95,8.77,6,6,0
CP-00475,Online Shopping Fraud,6093,7,3,0.99,22.05,20,4,0
CP-00476,Investment Fraud,34301,6,3,0.09,28.04,17,10,0
CP-00477,UPI Fraud,68616,8,1,0.79,31.34,16,13,0
CP-00478,Online Shopping Fraud,54821,3,5,0.57,29.34,3,3,0
CP-00479,Identity Theft,13737,13,10,0.87,44.07,13,8,1
CP-00480,Phishing,86324,8,19,0.61,2.35,8,12,1
CP-00481,UPI Fraud,81534,10,13,0.04,44.53,10,7,0
CP-00482,Investment Fraud,98246,8,9,0.9,1.5,9,9,1
CP-00483,Investment Fraud,64937,14,4,0.97,11.78,9,14,1
CP-00484,Identity Theft,35813,12,14,0.6,4.92,14,6,1
CP-00485,UPI Fraud,97617,8,17,0.87,41.14,16,5,1
CP-00486,Phishing,41279,12,17,0.4,39.14,16,0,0
CP-00487,Investment Fraud,25765,15,7,0.84,12.85,14,1,0
CP-00488,UPI Fraud,92857,4,9,0.37,23.48,12,3,0
CP-00489,Investment Fraud,32211,6,16,0.59,9.29,15,11,0
CP-00490,Identity Theft,21932,14,9,0.75,34.6,9,0,0
CP-00491,Phishing,7007,3,19,0.78,11.11,7,7,0
CP-00492,Identity Theft,35769,11,14,0.51,43.3,21,0,0
CP-00493,Investment Fraud,17842,11,6,0.6,0.92,8,9,1
CP-00494,Investment Fraud,56049,15,13,0.85,23.22,6,14,1
CP-00495,Online Shopping Fraud,89261,9,20,0.4,5.56,16,11,0
CP-00496,Investment Fraud,85348,10,20,0.28,34.38,15,2,0
CP-00497,Phishing,36739,11,11,0.86,13.43,22,9,1
CP-00498,Investment Fraud,20151,9,8,0.9,40.37,19,12,1
CP-00499,Identity Theft,89728,3,1,0.66,49.87,8,13,0
CP-00500,Phishing,51391,12,2,0.58,49.74,6,10,0
CP-00501,Phishing,90457,9,16,0.91,33.76,16,9,1
CP-00502,Online Shopping Fraud,86694,15,18,0.18,5.33,4,8,0
CP-00503,Identity Theft,24495,11,11,0.65,11.5,7,9,0
CP-00504,UPI Fraud,43926,6,9,0.59,23.46,3,15,1
CP-00505,Identity Theft,83651,10,19,0.94,4.03,6,3,1
CP-00506,Investment Fraud,69946,5,14,0.05,42.78,4,6,0
CP-00507,Identity Theft,54133,10,15,0.14,43.19,5,2,0
CP-00508,Phishing,44098,11,6,0.31,3.37,14,8,0
CP-00509,Online Shopping Fraud,22599,10,6,0.49,38.3,2,4,0
CP-00510,UPI Fraud,57347,11,14,0.4,48.28,12,0,0
CP-00511,UPI Fraud,70463,4,12,0.95,44.65,16,6,1
CP-00512,UPI Fraud,89202,1,8,0.23,43.91,9,4,0
CP-00513,Investment Fraud,50772,9,19,0.31,3.73,1,9,1
CP-00514,Investment Fraud,60259,12,17,0.6,17.22,21,4,0
CP-00515,Phishing,64748,6,7,0.16,45.39,12,0,0
CP-00516,UPI Fraud,29902,12,5,0.21,1.58,16,5,0
CP-00517,Online Shopping Fraud,48549,12,2,0.38,32.2,17,1,0
CP-00518,Identity Theft,6786,11,4,0.65,1.48,22,3,0
CP-00519,UPI Fraud,58737,7,4,0.55,23.98,4,6,0
CP-00520,Identity Theft,39967,7,4,0.66,13.86,19,4,0
CP-00521,Phishing,14251,9,20,0.12,6.14,3,15,0
CP-00522,Investment Fraud,80323,4,9,0.83,48.67,11,13,0
CP-00523,Phishing,21520,1,18,0.5,10.78,15,10,0
CP-00524,Phishing,858,1,3,0.91,41.84,21,15,0
CP-00525,Identity Theft,12307,13,17,0.08,36.32,8,7,0
CP-00526,Investment Fraud,39300,5,15,0.05,40.75,1,9,0
CP-00527,Phishing,89205,6,14,0.74,5.2,1,0,1
CP-00528,UPI Fraud,87447,11,6,0.33,44.78,19,8,0
CP-00529,Identity Theft,49340,14,11,0.18,20.34,14,8,0
CP-00530,Phishing,90926,14,16,0.8,32.62,5,3,1
CP-00531,Online Shopping Fraud,91748,12,2,0.98,42.3,3,13,1
CP-00532,Online Shopping Fraud,63765,13,19,0.68,9.47,12,11,1
CP-00533,UPI Fraud,4277,14,5,0.48,24.66,13,14,0
CP-00534,Investment Fraud,8801,5,11,0.01,43.48,16,7,0
CP-00535,Investment Fraud,68539,9,20,0.1,33.25,7,15,0
CP-00536,UPI Fraud,87493,11,13,0.15,41.41,19,1,0
CP-00537,UPI Fraud,84831,15,6,0.51,23.73,15,5,0
CP-00538,Online Shopping Fraud,98991,8,11,0.24,48.52,1,7,0
CP-00539,UPI Fraud,84820,7,13,0.82,4.4,14,14,1
CP-00540,UPI Fraud,65833,8,11,0.12,25.12,20,0,0
CP-00541,Online Shopping Fraud,53379,7,2,0.56,0.51,2,9,1
CP-00542,Identity Theft,74206,4,15,0.95,18.49,1,7,1
CP-00543,UPI Fraud,44012,9,20,0.6,35.97,11,14,1
CP-00544,Online Shopping Fraud,13271,13,8,0.0,18.08,20,9,0
CP-00545,UPI Fraud,68917,6,4,0.05,8.63,4,13,0
CP-00546,Identity Theft,33830,10,7,0.19,46.55,12,6,0
CP-00547,Identity Theft,25479,12,11,0.11,21.02,20,3,0
CP-00548,Online Shopping Fraud,60450,11,19,0.96,7.16,15,0,1
CP-00549,Online Shopping Fraud,96997,1,18,0.94,42.02,15,5,1
CP-00550,Online Shopping Fraud,23260,12,5,0.1,33.05,19,10,0
CP-00551,Investment Fraud,50918,7,20,0.92,38.24,8,12,1
CP-00552,Online Shopping Fraud,39057,8,5,0.14,30.32,23,9,0
CP-00553,Investment Fraud,41644,12,18,0.63,10.44,19,9,1
CP-00554,Investment Fraud,88629,3,6,0.5,34.87,10,3,0
CP-00555,Identity Theft,74199,8,19,0.57,33.52,13,9,0
CP-00556,Phishing,2173,9,4,0.03,7.69,21,1,0
CP-00557,Investment Fraud,35493,13,6,0.98,34.33,4,1,1
CP-00558,Online Shopping Fraud,27238,13,18,0.03,40.79,3,7,0
CP-00559,Identity Theft,51472,4,17,0.78,40.04,9,1,0
CP-00560,Phishing,51297,7,11,0.97,3.16,23,8,1
CP-00561,Online Shopping Fraud,81838,14,15,0.83,45.62,22,11,1
CP-00562,Identity Theft,72145,12,20,0.2,36.38,6,9,0
CP-00563,Identity Theft,23755,11,3,0.19,9.1,16,3,0
CP-00564,UPI Fraud,5826,7,9,0.56,6.94,18,8,0
CP-00565,Online Shopping Fraud,43827,8,5,0.04,46.47,19,1,0
CP-00566,Online Shopping Fraud,87255,5,16,0.79,27.73,2,10,1
CP-00567,UPI Fraud,29330,3,17,0.07,25.5,13,12,0
CP-00568,Online Shopping Fraud,46296,4,7,0.66,16.89,9,6,0
CP-00569,Investment Fraud,70033,8,18,0.82,49.07,0,3,1
CP-00570,Identity Theft,58914,4,20,0.92,12.57,1,10,1
CP-00571,Online Shopping Fraud,15360,7,9,0.54,14.5,16,11,0
CP-00572,Online Shopping Fraud,67180,8,16,0.04,44.96,6,10,0
CP-00573,UPI Fraud,11293,2,6,0.97,38.78,17,0,0
CP-00574,Online Shopping Fraud,28127,11,7,0.86,21.5,3,6,1
CP-00575,UPI Fraud,92609,15,14,0.65,47.02,23,4,1
CP-00576,Online Shopping Fraud,60691,12,11,0.04,4.13,5,8,0
CP-00577,Identity Theft,9732,10,8,0.91,20.68,14,12,1
CP-00578,Online Shopping Fraud,41971,1,13,0.67,26.97,20,2,0
CP-00579,Online Shopping Fraud,6465,12,3,0.36,25.39,9,9,0
CP-00580,Phishing,11838,5,15,0.38,41.2,0,15,0
CP-00581,Phishing,70422,4,5,0.75,39.94,17,9,0
CP-00582,UPI Fraud,39566,11,12,0.96,1.05,17,4,1
CP-00583,Phishing,5975,1,19,0.6,27.09,2,9,1
CP-00584,Phishing,98580,12,12,0.21,45.33,16,4,0
CP-00585,Online Shopping Fraud,24616,4,20,0.83,10.12,5,1,1
CP-00586,Phishing,60958,11,18,0.07,33.75,8,3,0
CP-00587,UPI Fraud,95604,10,16,0.95,18.18,21,7,1
CP-00588,Online Shopping Fraud,37873,10,3,0.9,16.23,14,10,0
CP-00589,Phishing,86931,5,19,0.15,28.56,10,13,0
CP-00590,Investment Fraud,1133,6,8,0.79,35.75,20,13,0
CP-00591,Identity Theft,47618,3,11,0.88,23.41,11,9,0
CP-00592,Online Shopping Fraud,72808,2,6,0.65,4.56,8,4,0
CP-00593,Online Shopping Fraud,26246,5,3,0.73,44.66,16,0,0
CP-00594,Phishing,76377,7,19,0.21,2.31,8,15,0
CP-00595,Identity Theft,48448,7,8,0.89,29.69,9,4,0
CP-00596,Online Shopping Fraud,66183,9,3,0.4,25.36,21,7,0
CP-00597,Identity Theft,90174,3,17,0.14,8.38,18,4,0
CP-00598,Phishing,47528,1,8,0.76,11.97,8,11,0
CP-00599,Identity Theft,6110,11,7,0.52,39.68,12,15,0
CP-00600,Investment Fraud,6586,1,11,0.1,48.44,20,8,0
CP-00601,Online Shopping Fraud,76342,9,19,0.17,32.86,11,2,0
CP-00602,Identity Theft,33475,7,8,0.52,17.97,11,15,0
CP-00603,Online Shopping Fraud,79695,1,17,0.88,22.27,7,2,0
CP-00604,Phishing,84841,5,7,0.15,8.29,19,3,0
CP-00605,Phishing,54844,13,11,0.72,24.34,15,15,1
CP-00606,Phishing,77936,3,14,0.02,2.64,18,5,0
CP-00607,Phishing,83015,9,2,0.89,7.77,5,8,1
CP-00608,UPI Fraud,68217,7,20,0.97,32.06,23,9,1
CP-00609,Identity Theft,28889,8,20,0.99,43.43,5,7,1
CP-00610,Phishing,79253,3,19,0.82,9.5,21,8,1
CP-00611,Identity Theft,95420,11,11,0.92,30.03,2,7,1
CP-00612,Phishing,51023,3,4,0.02,26.37,16,13,0
CP-00613,UPI Fraud,79865,2,6,0.48,30.93,1,3,0
CP-00614,Online Shopping Fraud,63708,11,5,0.9,27.19,0,13,1
CP-00615,Investment Fraud,55639,6,2,0.7,21.73,15,12,0
CP-00616,UPI Fraud,77707,13,19,0.1,7.13,15,7,0
CP-00617,Online Shopping Fraud,37628,10,18,0.41,9.86,22,0,0
CP-00618,Identity Theft,68990,2,17,0.01,32.9,22,10,0
CP-00619,Online Shopping Fraud,47983,2,5,0.43,29.48,8,13,0
CP-00620,Online Shopping Fraud,48425,10,9,0.99,20.17,6,13,1
CP-00621,Online Shopping Fraud,73580,8,6,0.37,27.97,8,9,0
CP-00622,Phishing,45635,13,13,0.74,42.82,21,3,0
CP-00623,Phishing,59036,13,6,0.1,25.66,10,1,0
CP-00624,UPI Fraud,51500,11,1,0.8,41.25,15,13,0
CP-00625,Identity Theft,8899,5,8,0.37,30.65,23,12,0
CP-00626,Identity Theft,80973,11,17,0.29,48.19,1,5,0
CP-00627,Phishing,58036,1,7,0.85,46.57,16,9,0
CP-00628,UPI Fraud,4905,13,20,0.51,35.07,19,5,0
CP-00629,Investment Fraud,47651,4,1,0.98,4.8,8,12,1
CP-00630,UPI Fraud,88273,7,13,0.59,26.13,23,2,0
CP-00631,Online Shopping Fraud,72536,5,18,0.92,17.73,8,7,1
CP-00632,Online Shopping Fraud,25996,8,13,0.57,13.42,13,3,0
CP-00633,Online Shopping Fraud,9987,9,10,0.34,6.29,16,8,0
CP-00634,Identity Theft,75852,5,15,0.97,28.38,7,10,1
CP-00635,Identity Theft,89837,8,19,0.86,24.36,8,2,1
CP-00636,Investment Fraud,83555,13,8,0.68,11.88,10,13,0
CP-00637,Identity Theft,68199,9,1,0.7,13.54,9,2,0
CP-00638,Investment Fraud,88802,12,11,0.08,46.6,15,10,0
CP-00639,Identity Theft,29147,15,19,0.27,47.38,21,6,0
CP-00640,Phishing,97114,4,8,0.74,43.7,6,7,0
CP-00641,Identity Theft,33228,14,20,0.36,39.06,3,2,0
CP-00642,Identity Theft,80955,1,18,0.96,42.48,11,10,1
CP-00643,Identity Theft,75803,14,9,0.49,49.23,16,8,0
CP-00644,Online Shopping Fraud,29610,13,19,0.13,26.52,13,15,0
CP-00645,UPI Fraud,4768,9,12,0.39,34.47,5,14,0
CP-00646,Identity Theft,92020,9,15,0.32,0.92,21,6,0
CP-00647,Phishing,76653,2,11,0.36,43.16,5,8,0
CP-00648,Identity Theft,35811,8,20,0.34,9.6,13,6,0
CP-00649,Online Shopping Fraud,92343,13,12,0.37,20.33,14,5,0
CP-00650,Identity Theft,17688,10,8,0.81,36.18,7,13,1
CP-00651,Phishing,26198,3,5,0.47,0.98,13,15,0
CP-00652,Online Shopping Fraud,83160,9,18,0.72,39.37,9,8,1
CP-00653,Identity Theft,74927,1,13,0.1,8.59,6,8,0
CP-00654,Investment Fraud,83057,2,15,0.74,13.36,11,8,0
CP-00655,Online Shopping Fraud,3099,7,4,0.35,34.14,19,6,0
CP-00656,Online Shopping Fraud,75983,11,18,0.17,39.13,11,10,0
CP-00657,Phishing,64396,13,15,0.89,19.36,9,14,1
CP-00658,UPI Fraud,22464,11,11,0.42,30.81,12,2,0
CP-00659,Online Shopping Fraud,21733,6,8,0.31,32.82,22,8,0
CP-00660,Identity Theft,84994,7,9,0.89,39.16,11,14,1
CP-00661,Phishing,22430,3,1,0.13,12.11,8,2,0
CP-00662,UPI Fraud,22377,7,4,0.1,46.87,15,1,0
CP-00663,Investment Fraud,52537,9,3,0.1,31.1,2,12,0
CP-00664,UPI Fraud,30562,4,10,0.44,6.76,16,5,0
CP-00665,Online Shopping Fraud,5107,11,12,0.86,16.6,15,14,1
CP-00666,Online Shopping Fraud,36205,9,15,0.14,47.45,17,5,0
CP-00667,Investment Fraud,78826,8,19,0.43,32.17,17,9,0
CP-00668,Investment Fraud,63631,9,8,0.8,22.37,11,13,1
CP-00669,Investment Fraud,20910,5,1,0.0,40.86,4,11,0
CP-00670,UPI Fraud,61998,9,1,0.69,24.85,15,9,0
CP-00671,Phishing,56918,13,10,0.6,39.94,17,11,0
CP-00672,Identity Theft,54467,15,18,0.44,12.87,22,12,0
CP-00673,Investment Fraud,29413,5,3,0.42,12.36,19,8,0
CP-00674,Phishing,85494,12,18,0.81,20.94,2,5,1
CP-00675,Phishing,38457,2,15,0.62,13.97,19,15,0
CP-00676,Investment Fraud,42527,1,5,0.05,26.98,5,3,0
CP-00677,Identity Theft,35783,3,15,0.73,12.02,4,0,0
CP-00678,UPI Fraud,28967,6,14,0.31,40.07,11,14,0
CP-00679,Phishing,43786,2,5,0.06,38.89,2,15,0
CP-00680,Identity Theft,25691,15,9,0.82,41.5,3,7,1
CP-00681,Identity Theft,58559,4,2,0.2,36.9,3,6,0
CP-00682,Online Shopping Fraud,51503,11,10,0.94,8.35,23,1,1
CP-00683,Phishing,68778,2,9,0.48,15.29,11,1,0
CP-00684,Identity Theft,15301,4,14,0.32,8.78,8,3,0
CP-00685,Investment Fraud,32362,1,2,0.58,34.69,22,4,0
CP-00686,UPI Fraud,12228,4,6,0.5,34.45,10,1,0
CP-00687,Phishing,47098,11,5,0.7,39.68,4,15,1
CP-00688,Identity Theft,42015,9,12,0.81,22.22,6,0,0
CP-00689,Online Shopping Fraud,47445,12,5,0.25,2.45,22,14,0
CP-00690,Identity Theft,39128,9,16,0.19,9.74,11,10,0
CP-00691,Identity Theft,36587,14,20,0.91,27.95,2,4,1
CP-00692,Phishing,39254,14,9,0.54,22.98,20,12,0
CP-00693,Online Shopping Fraud,2953,10,12,0.78,12.32,23,2,1
CP-00694,Investment Fraud,51289,4,17,0.68,38.4,4,9,1
CP-00695,Phishing,54213,11,11,0.11,26.4,2,1,0
CP-00696,Online Shopping Fraud,23914,14,2,0.2,24.53,3,1,0
CP-00697,UPI Fraud,84615,14,13,0.66,26.53,22,8,1
CP-00698,UPI Fraud,48518,4,20,0.72,1.15,6,15,1
CP-00699,UPI Fraud,61849,13,2,0.36,37.3,13,11,0
CP-00700,Phishing,81362,5,17,0.04,3.98,9,2,0
CP-00701,Online Shopping Fraud,68589,2,4,0.73,26.82,6,6,0
CP-00702,UPI Fraud,86598,4,19,0.63,9.36,23,13,1
CP-00703,Phishing,84205,10,12,0.67,35.28,13,3,0
CP-00704,Investment Fraud,24144,9,13,0.5,33.05,17,14,0
CP-00705,Investment Fraud,41807,9,11,0.84,20.91,20,13,1
CP-00706,Investment Fraud,80245,4,19,0.55,19.07,17,8,0
CP-00707,Online Shopping Fraud,59797,8,13,0.0,2.22,9,0,0
CP-00708,UPI Fraud,18205,15,10,0.01,49.23,6,10,0
CP-00709,UPI Fraud,90902,14,9,0.92,25.81,18,4,1
CP-00710,Phishing,5446,8,12,0.16,13.62,18,7,0
CP-00711,Investment Fraud,34086,13,10,0.09,20.29,6,2,0
CP-00712,Online Shopping Fraud,63746,3,16,0.83,34.63,18,3,0
CP-00713,Investment Fraud,84681,5,2,0.73,29.03,2,1,0
CP-00714,Identity Theft,46103,15,14,0.42,43.46,7,0,0
CP-00715,Online Shopping Fraud,7594,5,17,0.04,27.23,4,10,0
CP-00716,Online Shopping Fraud,91957,4,5,0.05,36.71,12,14,0
CP-00717,Phishing,75899,9,3,0.22,14.84,12,4,0
CP-00718,UPI Fraud,44562,2,16,0.57,2.94,12,8,0
CP-00719,Online Shopping Fraud,52735,9,14,0.77,6.95,4,15,1
CP-00720,Phishing,26466,8,13,0.65,10.21,19,7,0
CP-00721,Identity Theft,9890,5,14,0.32,46.24,2,3,0
CP-00722,Investment Fraud,56014,6,12,0.19,17.55,20,0,0
CP-00723,Identity Theft,22684,6,20,0.82,40.24,19,4,1
CP-00724,UPI Fraud,6382,15,8,0.2,19.0,23,2,0
CP-00725,Investment Fraud,97438,1,8,0.95,46.37,9,0,0
CP-00726,Online Shopping Fraud,91437,13,4,0.31,23.82,10,6,0
CP-00727,UPI Fraud,28270,4,18,0.52,13.3,15,4,0
CP-00728,Online Shopping Fraud,49862,10,17,0.04,8.93,9,6,0
CP-00729,Investment Fraud,36057,1,15,0.65,0.91,12,8,0
CP-00730,Online Shopping Fraud,14641,1,10,0.87,32.65,7,12,0
CP-00731,Phishing,93520,2,11,0.48,30.06,2,5,0
CP-00732,Investment Fraud,66121,8,18,0.93,1.56,7,9,1
CP-00733,Phishing,64716,7,6,0.02,34.37,11,9,0
CP-00734,Phishing,66200,5,2,0.63,43.99,0,8,0
CP-00735,Identity Theft,20384,6,13,0.66,4.85,12,7,1
CP-00736,Identity Theft,32004,10,5,0.43,15.96,19,10,0
CP-00737,Phishing,71571,3,7,0.65,29.26,21,6,0
CP-00738,Investment Fraud,41001,12,17,0.91,21.79,4,5,1
CP-00739,UPI Fraud,9388,9,18,0.95,6.36,10,4,1
CP-00740,Phishing,42271,15,14,0.96,15.52,23,8,1
CP-00741,Online Shopping Fraud,25132,2,5,0.18,38.24,19,8,0
CP-00742,UPI Fraud,74823,10,8,0.6,11.93,0,11,1
CP-00743,Phishing,90696,13,16,0.13,42.38,15,11,0
CP-00744,UPI Fraud,51285,8,16,0.14,10.07,1,13,0
CP-00745,Phishing,35870,7,8,0.74,49.42,6,2,0
CP-00746,Identity Theft,58077,14,20,0.49,16.58,14,7,0
CP-00747,Identity Theft,53566,13,2,0.61,41.3,23,10,1
CP-00748,Online Shopping Fraud,80651,12,19,0.59,26.5,22,1,0
CP-00749,UPI Fraud,14828,8,15,0.83,2.6,7,12,1
CP-00750,Identity Theft,73598,7,17,0.77,48.15,6,9,1
CP-00751,Investment Fraud,52671,15,10,0.77,14.65,5,13,1
CP-00752,UPI Fraud,80864,15,2,0.69,45.23,14,14,0
CP-00753,Identity Theft,95218,9,4,0.18,29.48,22,4,0
CP-00754,Identity Theft,54706,6,15,0.02,22.96,22,6,0
CP-00755,UPI Fraud,12320,5,11,0.69,45.4,5,3,0
CP-00756,Online Shopping Fraud,15463,12,15,0.63,4.72,22,12,1
CP-00757,Online Shopping Fraud,80725,3,13,0.55,2.67,5,10,1
CP-00758,Identity Theft,86945,14,5,0.16,7.66,22,1,0
CP-00759,UPI Fraud,40878,5,15,0.29,9.44,4,6,0
CP-00760,Online Shopping Fraud,82100,13,9,0.01,25.13,15,0,0
CP-00761,UPI Fraud,65179,4,7,0.59,24.05,13,14,0
CP-00762,UPI Fraud,79302,10,1,0.24,27.59,19,6,0
CP-00763,Investment Fraud,24727,3,2,0.65,2.32,1,9,1
CP-00764,Online Shopping Fraud,11995,1,4,0.42,9.32,21,9,0
CP-00765,UPI Fraud,87128,12,20,0.57,28.33,14,11,1
CP-00766,Online Shopping Fraud,12706,13,10,0.32,44.93,2,13,0
CP-00767,Online Shopping Fraud,9009,5,16,0.13,34.88,8,10,0
CP-00768,Identity Theft,54732,9,7,0.7,30.8,3,2,0
CP-00769,Online Shopping Fraud,95405,12,20,0.93,49.32,9,13,1
CP-00770,Online Shopping Fraud,41982,5,17,0.58,31.35,4,15,1
CP-00771,Investment Fraud,96075,11,16,0.49,9.41,19,7,0
CP-00772,Online Shopping Fraud,25869,1,4,0.02,31.46,3,6,0
CP-00773,UPI Fraud,54846,7,2,0.33,28.24,20,6,0
CP-00774,UPI Fraud,84467,4,10,0.25,3.86,9,10,0
CP-00775,Phishing,15420,11,11,0.34,36.36,19,0,0
CP-00776,Phishing,25930,6,11,0.92,24.22,15,1,0
CP-00777,Identity Theft,63610,3,15,0.89,27.08,10,14,1
CP-00778,Phishing,97832,1,17,0.3,36.39,10,0,0
CP-00779,Phishing,76180,11,11,0.8,44.46,11,2,0
CP-00780,Online Shopping Fraud,37260,14,1,0.34,19.07,17,5,0
CP-00781,UPI Fraud,79888,7,6,0.6,43.3,9,10,0
CP-00782,Phishing,36085,7,3,0.5,12.26,14,9,0
CP-00783,Identity Theft,69325,5,6,0.11,39.35,6,2,0
CP-00784,Online Shopping Fraud,66821,1,16,0.9,8.13,10,15,1
CP-00785,Phishing,41179,13,11,0.14,43.65,16,4,0
CP-00786,Investment Fraud,95470,1,15,0.39,43.31,3,0,0
CP-00787,Online Shopping Fraud,6271,11,20,0.87,17.0,1,3,1
CP-00788,Investment Fraud,86874,12,10,0.02,38.05,20,6,0
CP-00789,Investment Fraud,26787,4,10,0.28,16.3,14,3,0
CP-00790,Phishing,20071,3,9,0.11,47.94,17,3,0
CP-00791,Online Shopping Fraud,71610,6,18,0.32,7.51,22,9,0
CP-00792,UPI Fraud,32589,3,3,0.31,44.67,17,14,0
CP-00793,UPI Fraud,17549,1,16,0.9,3.0,12,1,1
CP-00794,Online Shopping Fraud,56397,7,6,0.7,44.62,20,14,0
CP-00795,Identity Theft,47112,5,11,0.82,35.79,21,2,0
CP-00796,Identity Theft,74921,3,3,0.81,46.02,14,3,0
CP-00797,Investment Fraud,41183,11,15,0.47,47.4,4,8,1
CP-00798,UPI Fraud,51890,3,11,0.79,44.18,14,15,0
CP-00799,Investment Fraud,9067,8,4,0.35,23.33,5,9,0
CP-00800,Investment Fraud,79725,10,5,0.51,20.58,22,3,0
CP-00801,Phishing,73395,11,3,0.79,26.87,12,13,0
CP-00802,Phishing,81879,4,18,0.16,24.38,2,10,0
CP-00803,Phishing,91471,10,14,0.78,22.05,10,7,1
CP-00804,Online Shopping Fraud,87349,11,3,0.74,35.74,15,3,0
CP-00805,Identity Theft,78628,8,11,0.56,41.19,5,9,0
CP-00806,Identity Theft,9623,10,4,0.69,30.02,12,10,0
CP-00807,Phishing,85040,11,2,0.09,40.94,18,0,0
CP-00808,Phishing,87123,3,15,0.53,19.8,18,14,0
CP-00809,Identity Theft,27456,11,11,0.3,39.82,21,9,0
CP-00810,Phishing,94582,15,12,0.99,29.34,19,12,1
CP-00811,UPI Fraud,39059,1,12,0.9,48.41,0,11,1
CP-00812,Identity Theft,37489,14,1,0.24,35.26,12,10,0
CP-00813,Phishing,53719,7,14,0.55,33.29,15,4,0
CP-00814,Phishing,73300,7,12,0.84,8.14,21,4,0
CP-00815,Phishing,2020,2,1,0.14,44.3,21,13,0
CP-00816,Online Shopping Fraud,11597,3,14,0.86,44.73,22,13,1
CP-00817,Phishing,24066,8,17,0.42,41.09,12,11,0
CP-00818,Online Shopping Fraud,24852,7,20,0.01,25.16,23,7,0
CP-00819,Investment Fraud,35791,7,18,0.58,2.16,1,15,1
CP-00820,Identity Theft,15332,10,16,0.96,4.46,23,8,1
CP-00821,Online Shopping Fraud,68257,2,17,0.89,4.88,15,2,1
CP-00822,Identity Theft,76473,5,20,0.05,17.51,0,15,0
CP-00823,Investment Fraud,67695,15,16,0.57,16.91,11,9,1
CP-00824,UPI Fraud,22455,1,20,0.75,36.49,18,8,0
CP-00825,Investment Fraud,82983,8,19,0.17,3.06,9,0,0
CP-00826,Phishing,64038,2,5,0.51,42.65,8,8,0
CP-00827,Online Shopping Fraud,81213,5,9,0.86,1.2,3,5,1
CP-00828,Identity Theft,97357,3,15,0.37,9.18,22,7,0
CP-00829,Online Shopping Fraud,24199,13,17,0.86,17.47,2,4,1
CP-00830,Identity Theft,20704,14,16,0.75,20.94,12,7,1
CP-00831,Investment Fraud,95658,11,6,0.21,36.85,11,1,0
CP-00832,Identity Theft,99522,14,4,0.05,23.47,15,9,0
CP-00833,Investment Fraud,98299,13,18,0.23,34.33,12,15,0
CP-00834,Investment Fraud,19525,9,14,0.01,46.4,14,12,0
CP-00835,Online Shopping Fraud,70001,11,2,0.1,26.8,11,13,0
CP-00836,Online Shopping Fraud,85967,14,9,0.33,13.72,3,8,0
CP-00837,Phishing,51769,8,8,0.73,29.64,6,10,0
CP-00838,UPI Fraud,41560,9,1,0.67,41.67,0,13,1
CP-00839,UPI Fraud,69347,2,15,0.35,36.4,8,6,0
CP-00840,UPI Fraud,3606,10,3,0.06,29.91,6,3,0
CP-00841,UPI Fraud,11822,14,20,0.13,32.99,20,5,0
CP-00842,Investment Fraud,91680,3,9,0.29,33.19,2,14,0
CP-00843,Identity Theft,56465,12,11,0.26,39.15,8,1,0
CP-00844,UPI Fraud,51433,6,2,0.26,40.73,5,14,0
CP-00845,Phishing,64950,15,7,0.61,9.33,15,3,0
CP-00846,UPI Fraud,71361,13,14,0.22,32.35,14,8,0
CP-00847,Identity Theft,5069,2,3,0.57,12.9,14,0,0
CP-00848,Investment Fraud,20010,11,1,0.93,33.4,8,4,0
CP-00849,Identity Theft,51792,10,1,0.52,47.03,15,15,0
CP-00850,UPI Fraud,53441,14,3,0.54,0.66,22,15,1
CP-00851,Investment Fraud,74849,9,12,0.33,15.49,1,2,0
CP-00852,Phishing,70574,14,11,0.08,23.25,9,6,0
CP-00853,Investment Fraud,73176,1,13,0.66,15.29,12,3,0
CP-00854,Online Shopping Fraud,64266,2,15,0.74,7.43,6,0,0
CP-00855,Online Shopping Fraud,31758,8,13,0.06,27.26,9,15,0
CP-00856,Identity Theft,59391,1,2,0.34,17.22,23,1,0
CP-00857,Online Shopping Fraud,15991,4,17,0.46,34.06,17,4,0
CP-00858,Identity Theft,31037,15,3,0.04,7.51,20,0,0
CP-00859,Investment Fraud,81551,1,8,0.7,6.96,5,1,0
CP-00860,Identity Theft,13252,8,20,0.17,29.76,3,3,0
CP-00861,Identity Theft,78484,13,20,0.22,40.32,13,10,0
CP-00862,Online Shopping Fraud,42998,2,19,0.55,16.42,6,1,0
CP-00863,Investment Fraud,23234,6,3,0.12,7.49,13,5,0
CP-00864,Online Shopping Fraud,73036,3,15,0.24,29.31,4,3,0
CP-00865,Phishing,49800,13,6,0.02,24.6,0,0,0
CP-00866,Phishing,12183,12,19,0.89,21.1,15,4,1
CP-00867,Online Shopping Fraud,19254,11,9,0.52,20.9,5,1,0
CP-00868,Identity Theft,24093,12,16,0.61,4.86,9,11,1
CP-00869,Online Shopping Fraud,1099,9,8,0.19,49.34,3,11,0
CP-00870,Phishing,67024,4,15,0.77,33.14,8,1,0
CP-00871,Phishing,15269,13,5,0.69,48.44,15,15,0
CP-00872,Investment Fraud,21440,11,2,0.05,18.53,6,13,0
CP-00873,Phishing,44316,10,15,0.04,37.15,17,5,0
CP-00874,Online Shopping Fraud,4309,8,17,0.12,44.81,23,14,0
CP-00875,UPI Fraud,76490,6,14,0.2,34.0,10,7,0
CP-00876,Phishing,43246,4,4,0.24,20.92,6,12,0
CP-00877,Online Shopping Fraud,10137,8,19,0.48,44.58,4,6,1
CP-00878,Investment Fraud,60136,3,13,0.37,23.16,6,11,0
CP-00879,UPI Fraud,27004,6,5,0.03,28.65,8,4,0
CP-00880,Online Shopping Fraud,61518,8,14,0.17,17.51,9,5,0
CP-00881,Phishing,22773,10,18,0.86,4.78,16,15,1
CP-00882,Phishing,78039,8,15,0.28,36.64,23,7,0
CP-00883,Identity Theft,43399,7,19,0.22,46.41,4,0,0
CP-00884,Identity Theft,6296,1,16,0.73,25.46,13,12,0
CP-00885,Identity Theft,91811,14,4,0.45,12.41,17,0,0
CP-00886,Identity Theft,29074,3,12,0.3,32.56,2,0,0
CP-00887,Identity Theft,88191,5,6,0.7,42.97,23,0,0
CP-00888,UPI Fraud,61286,13,5,0.87,20.57,11,14,1
CP-00889,Identity Theft,82722,2,13,0.89,16.98,1,9,1
CP-00890,Online Shopping Fraud,99182,5,20,0.54,39.83,21,2,0
CP-00891,UPI Fraud,44500,12,2,0.51,45.55,11,1,0
CP-00892,Online Shopping Fraud,50694,6,15,0.62,18.6,5,2,0
CP-00893,Identity Theft,93474,13,7,0.14,17.08,17,3,0
CP-00894,Investment Fraud,97149,13,19,0.87,35.29,23,7,1
CP-00895,Investment Fraud,46730,15,9,0.5,21.43,1,2,0
CP-00896,Identity Theft,45749,8,16,0.5,41.56,15,9,0
CP-00897,Identity Theft,81889,6,3,0.19,44.26,2,2,0
CP-00898,Identity Theft,23937,5,3,0.11,14.16,22,4,0
CP-00899,Online Shopping Fraud,20226,14,7,0.52,31.55,9,13,0
CP-00900,Phishing,17805,8,12,0.42,37.02,0,9,0
CP-00901,Online Shopping Fraud,8750,1,8,0.83,26.22,10,13,0
CP-00902,Identity Theft,45430,11,11,0.49,33.46,16,14,0
CP-00903,Identity Theft,40356,10,5,0.9,15.67,8,7,0
CP-00904,Online Shopping Fraud,49245,5,2,0.15,14.58,5,5,0
CP-00905,Phishing,37887,3,6,0.84,34.8,21,4,0
CP-00906,Investment Fraud,31682,2,2,0.99,28.94,14,8,0
CP-00907,Investment Fraud,24682,4,18,0.71,33.44,11,4,0
CP-00908,Identity Theft,59276,9,6,0.53,6.51,0,12,0
CP-00909,Investment Fraud,19555,8,11,0.16,48.52,17,10,0
CP-00910,Online Shopping Fraud,62616,15,10,0.97,37.83,18,4,1
CP-00911,Phishing,95991,15,15,0.34,6.06,15,1,0
CP-00912,Investment Fraud,89367,9,4,0.31,20.38,7,14,0
CP-00913,Investment Fraud,12621,6,2,0.61,10.16,16,7,0
CP-00914,Online Shopping Fraud,26152,1,3,0.54,22.55,21,2,0
CP-00915,Identity Theft,52197,4,16,0.32,30.45,1,11,0
CP-00916,Investment Fraud,19891,12,14,0.37,18.96,9,11,0
CP-00917,Identity Theft,40881,8,18,0.09,36.53,14,13,0
CP-00918,Phishing,38331,3,14,0.73,21.0,18,2,0
CP-00919,Online Shopping Fraud,27734,5,16,0.99,26.5,10,2,1
CP-00920,Phishing,99605,7,3,0.01,32.12,8,13,0
CP-00921,Investment Fraud,73351,8,19,0.76,7.28,5,12,1
CP-00922,Identity Theft,73096,8,2,0.82,15.45,18,9,0
CP-00923,Investment Fraud,73806,12,15,0.22,39.67,4,8,0
CP-00924,Phishing,84458,14,16,0.12,33.46,9,13,0
CP-00925,Online Shopping Fraud,64972,15,8,0.03,38.35,15,2,0
CP-00926,UPI Fraud,98222,6,19,0.48,22.09,8,15,0
CP-00927,Phishing,49416,9,19,0.02,13.35,18,1,0
CP-00928,Investment Fraud,42401,8,5,0.36,3.12,11,13,0
CP-00929,Phishing,6885,5,10,0.53,46.85,16,6,0
CP-00930,Investment Fraud,12887,10,6,0.54,43.69,21,9,0
CP-00931,Phishing,90342,12,12,0.1,29.21,4,0,0
CP-00932,Phishing,68417,5,12,0.78,20.89,5,3,1
CP-00933,Identity Theft,20757,9,8,0.83,39.86,17,3,0
CP-00934,Investment Fraud,60857,15,3,0.12,7.0,0,15,0
CP-00935,Phishing,41338,12,12,0.14,22.38,19,10,0
CP-00936,Phishing,93547,5,1,0.74,6.37,4,4,0
CP-00937,UPI Fraud,40795,3,7,0.13,4.39,22,3,0
CP-00938,Online Shopping Fraud,2964,13,16,0.76,2.6,3,1,1
CP-00939,UPI Fraud,78248,1,16,0.12,13.02,2,9,0
CP-00940,Investment Fraud,99400,2,4,0.92,10.67,6,5,0
CP-00941,Investment Fraud,4335,2,5,0.85,47.12,18,11,0
CP-00942,UPI Fraud,21544,14,17,0.78,30.84,16,2,1
CP-00943,Online Shopping Fraud,76277,13,1,0.53,35.93,9,5,0
CP-00944,Investment Fraud,1067,12,4,0.92,46.06,22,15,1
CP-00945,Identity Theft,92005,10,6,0.44,47.91,5,11,0
CP-00946,Identity Theft,56086,4,17,0.23,6.09,10,3,0
CP-00947,UPI Fraud,14959,9,5,0.5,18.38,9,1,0
CP-00948,Identity Theft,43506,8,4,0.38,23.12,23,9,0
CP-00949,Identity Theft,30105,9,14,0.29,42.84,6,2,0
CP-00950,Identity Theft,89515,6,6,0.01,33.87,21,3,0
CP-00951,Phishing,57917,9,3,0.12,20.04,22,3,0
CP-00952,Phishing,8981,6,7,0.34,29.95,12,3,0
CP-00953,Identity Theft,56166,12,16,0.28,35.82,18,8,0
CP-00954,Phishing,47174,8,20,0.95,49.38,16,8,1
CP-00955,UPI Fraud,60089,2,4,0.25,25.12,20,4,0
CP-00956,Identity Theft,13555,12,2,0.83,25.16,0,5,1
CP-00957,Online Shopping Fraud,79744,11,11,0.15,31.29,3,2,0
CP-00958,Online Shopping Fraud,65012,13,15,0.2,33.27,15,8,0
CP-00959,UPI Fraud,45538,13,18,0.55,47.65,1,13,1
CP-00960,Phishing,50783,8,11,0.85,22.41,1,1,1
CP-00961,Investment Fraud,73463,11,10,0.88,8.63,13,4,1
CP-00962,Identity Theft,94311,7,16,0.76,28.66,15,15,1
CP-00963,Online Shopping Fraud,74195,14,6,0.51,19.87,15,12,0
CP-00964,Investment Fraud,89168,6,10,0.32,1.89,1,4,0
CP-00965,UPI Fraud,46227,13,19,0.03,44.62,10,12,0
CP-00966,Phishing,56618,6,12,0.41,3.29,7,7,0
CP-00967,Investment Fraud,85445,5,19,0.08,34.56,9,3,0
CP-00968,Investment Fraud,22753,1,18,0.33,23.32,13,13,0
CP-00969,Investment Fraud,3174,12,16,0.59,49.3,12,12,1
CP-00970,Online Shopping Fraud,75543,2,16,0.1,33.92,10,15,0
CP-00971,Identity Theft,87975,6,6,0.61,18.49,13,6,0
CP-00972,UPI Fraud,83788,14,3,0.84,27.02,9,8,1
CP-00973,Online Shopping Fraud,39470,10,13,0.8,31.42,2,3,1
CP-00974,Investment Fraud,44650,5,3,0.57,26.79,13,6,0
CP-00975,Phishing,10548,11,10,0.5,15.35,21,10,0
CP-00976,UPI Fraud,54804,7,9,0.62,22.93,17,5,0
CP-00977,Investment Fraud,82792,12,17,0.86,29.05,6,14,1
CP-00978,Online Shopping Fraud,84114,9,20,0.85,45.39,18,1,1
CP-00979,Identity Theft,26799,6,15,0.15,7.95,21,9,0
CP-00980,Phishing,54273,6,3,0.63,42.38,8,9,0
CP-00981,UPI Fraud,34112,11,20,0.24,12.3,4,6,0
CP-00982,UPI Fraud,32689,13,10,0.46,28.21,13,13,0
CP-00983,UPI Fraud,26975,3,9,0.14,13.29,8,5,0
CP-00984,UPI Fraud,95196,8,1,0.06,44.88,10,9,0
CP-00985,Phishing,53847,15,12,0.67,44.34,12,4,0
CP-00986,Identity Theft,15171,10,17,0.93,26.34,18,8,1
CP-00987,Phishing,12329,4,20,0.12,40.43,10,12,0
CP-00988,Identity Theft,55926,4,5,0.11,11.1,8,14,0
CP-00989,Investment Fraud,33832,14,19,0.06,26.91,22,3,0
CP-00990,Identity Theft,72031,7,16,0.68,48.18,4,11,1
CP-00991,UPI Fraud,94304,6,10,0.02,48.36,19,1,0
CP-00992,UPI Fraud,91029,15,8,0.25,19.54,20,11,0
CP-00993,Investment Fraud,70611,14,8,0.86,19.73,12,8,1
CP-00994,Investment Fraud,12329,15,8,0.3,43.04,5,14,0
CP-00995,Identity Theft,84966,7,2,0.27,4.46,15,15,0
CP-00996,Online Shopping Fraud,44110,12,14,0.88,41.1,5,8,1
CP-00997,Identity Theft,9198,6,14,0.6,40.76,23,10,1
CP-00998,UPI Fraud,91622,1,2,0.64,9.6,14,4,0
CP-00999,Online Shopping Fraud,53015,4,10,0.31,4.57,5,7,0
CP-01000,Identity Theft,94028,13,5,0.85,34.44,10,14,1
CP-01001,Phishing,96860,3,9,0.17,29.85,10,9,0
CP-01002,UPI Fraud,11562,7,12,0.18,43.88,18,7,0
CP-01003,Phishing,3510,15,18,0.65,31.52,2,14,1
CP-01004,Phishing,34812,12,6,0.05,31.09,19,8,0
CP-01005,Identity Theft,12173,6,6,0.95,6.31,22,13,1
CP-01006,Identity Theft,88791,8,4,0.22,10.56,8,9,0
CP-01007,Identity Theft,50579,3,14,0.86,30.2,9,6,0
CP-01008,Phishing,24141,7,5,0.03,48.82,7,14,0
CP-01009,Phishing,48949,10,15,0.09,23.71,10,12,0
CP-01010,UPI Fraud,93998,7,14,0.74,13.18,3,1,1
CP-01011,UPI Fraud,44128,15,8,0.47,18.04,19,1,0
CP-01012,Phishing,33747,9,20,0.38,48.89,21,11,0
CP-01013,Identity Theft,73842,1,19,0.18,8.91,15,10,0
CP-01014,Investment Fraud,17790,2,11,0.71,21.93,8,3,0
CP-01015,Identity Theft,6288,3,16,0.87,41.82,23,11,1
CP-01016,Identity Theft,37583,15,9,0.61,38.2,8,10,0
CP-01017,UPI Fraud,22124,6,16,0.76,7.99,21,14,1
CP-01018,Identity Theft,25262,3,2,0.23,2.28,8,5,0
CP-01019,Identity Theft,57703,2,16,0.04,18.15,22,15,0
CP-01020,Phishing,65116,2,5,0.12,5.13,9,5,0
CP-01021,Online Shopping Fraud,98795,9,9,0.56,33.33,6,0,0
CP-01022,Investment Fraud,75314,3,14,0.92,12.68,15,3,0
CP-01023,Phishing,3902,5,4,0.39,29.72,3,10,0
CP-01024,Online Shopping Fraud,4284,2,15,0.83,33.15,14,8,0
CP-01025,Online Shopping Fraud,86746,1,11,0.97,32.98,14,10,0
CP-01026,Online Shopping Fraud,17450,4,2,0.8,14.51,1,2,0
CP-01027,UPI Fraud,79443,7,3,0.4,9.31,12,2,0
CP-01028,UPI Fraud,27792,3,13,0.78,14.6,20,4,0
CP-01029,Investment Fraud,39631,8,14,0.74,46.12,21,4,0
CP-01030,Investment Fraud,87731,2,12,0.51,24.74,12,15,0
CP-01031,Identity Theft,74301,10,14,0.09,21.42,11,5,0
CP-01032,Phishing,83165,7,3,0.04,17.42,14,7,0
CP-01033,Investment Fraud,65422,9,17,0.08,23.68,2,15,0
CP-01034,Online Shopping Fraud,19978,3,10,0.84,26.39,9,1,0
CP-01035,Identity Theft,10531,15,2,0.51,25.78,13,3,0
CP-01036,Online Shopping Fraud,87119,12,19,0.81,18.1,18,2,1
CP-01037,UPI Fraud,2632,2,15,0.18,9.52,12,1,0
CP-01038,Online Shopping Fraud,55058,15,10,0.31,36.34,21,14,0
CP-01039,UPI Fraud,35243,6,6,0.21,4.37,19,8,0
CP-01040,Identity Theft,57358,9,1,0.01,6.28,5,15,0
CP-01041,Identity Theft,91176,7,20,0.73,15.49,19,11,1
CP-01042,UPI Fraud,40169,2,5,0.14,9.94,0,6,0
CP-01043,UPI Fraud,27924,8,5,0.65,22.07,20,6,0
CP-01044,Phishing,39941,13,15,0.15,21.38,3,5,0
CP-01045,Phishing,97333,12,15,0.96,23.84,14,7,1
CP-01046,Identity Theft,39144,10,13,0.05,0.89,20,13,0
CP-01047,Identity Theft,65472,12,19,0.6,27.94,9,1,0
CP-01048,Phishing,52886,8,17,0.59,30.77,21,15,0
CP-01049,Investment Fraud,94123,1,17,0.02,29.03,17,2,0
CP-01050,Identity Theft,85474,7,16,0.12,31.32,20,11,0
CP-01051,Identity Theft,91924,7,1,0.16,36.45,15,11,0
CP-01052,Phishing,30922,9,8,0.59,34.41,19,14,0
CP-01053,Identity Theft,38955,12,13,0.96,41.74,21,11,1
CP-01054,Phishing,21737,10,7,0.28,37.59,21,15,0
CP-01055,Investment Fraud,23213,4,6,0.61,5.49,13,15,0
CP-01056,Phishing,31265,4,18,0.05,1.4,8,11,0
CP-01057,Online Shopping Fraud,23400,14,17,0.03,3.65,13,3,0
CP-01058,UPI Fraud,30212,2,18,0.22,13.26,10,11,0
CP-01059,UPI Fraud,73510,5,5,0.85,43.75,19,3,0
CP-01060,Online Shopping Fraud,57886,13,15,0.96,37.91,3,3,1
CP-01061,Phishing,6001,9,4,0.17,6.34,6,11,0
CP-01062,Investment Fraud,95966,5,15,0.76,25.17,3,4,1
CP-01063,Phishing,44357,14,5,0.12,10.49,13,0,0
CP-01064,Investment Fraud,62584,6,10,0.51,4.72,11,13,0
CP-01065,Phishing,83002,11,8,0.15,37.8,13,7,0
CP-01066,UPI Fraud,56706,7,14,0.9,47.62,16,11,1
CP-01067,Investment Fraud,58509,3,1,0.72,26.11,2,2,0
CP-01068,Online Shopping Fraud,41762,7,6,0.43,19.97,1,4,0
CP-01069,Investment Fraud,8077,11,17,0.97,21.26,21,9,1
CP-01070,Identity Theft,45609,1,9,0.9,30.71,4,12,1
CP-01071,Identity Theft,84894,4,18,0.62,31.1,14,11,0
CP-01072,Online Shopping Fraud,26359,15,10,0.08,27.1,12,4,0
CP-01073,Phishing,71382,5,7,0.09,27.81,16,10,0
CP-01074,Online Shopping Fraud,3569,1,18,0.59,12.45,9,13,0
CP-01075,UPI Fraud,14975,12,2,0.84,13.36,16,11,0
CP-01076,Investment Fraud,6756,13,4,0.45,28.84,0,14,0
CP-01077,Investment Fraud,31445,13,19,0.57,44.77,20,7,0
CP-01078,UPI Fraud,39716,5,19,0.67,35.86,16,7,0
CP-01079,Phishing,43471,9,19,0.19,39.04,14,3,0
CP-01080,Phishing,93776,7,14,0.08,3.58,4,15,0
CP-01081,Investment Fraud,58979,2,12,0.68,20.44,17,12,0
CP-01082,Phishing,77085,8,14,1.0,34.61,15,13,1
CP-01083,Phishing,19419,9,5,0.48,23.16,22,3,0
CP-01084,Online Shopping Fraud,60194,8,2,0.75,47.23,11,3,0
CP-01085,UPI Fraud,54058,2,4,0.37,14.83,16,4,0
CP-01086,Online Shopping Fraud,49188,5,12,0.3,24.55,4,4,0
CP-01087,UPI Fraud,55780,1,10,0.89,11.17,23,15,1
CP-01088,Online Shopping Fraud,16533,9,12,0.07,2.71,15,9,0
CP-01089,Phishing,59793,15,11,0.78,24.02,23,4,1
CP-01090,UPI Fraud,66660,11,15,0.76,33.53,4,10,1
CP-01091,Online Shopping Fraud,82389,11,20,0.41,12.02,12,10,0
CP-01092,Online Shopping Fraud,6505,11,15,0.74,32.47,5,0,1
CP-01093,Phishing,83089,13,10,0.56,6.63,17,2,0
CP-01094,Identity Theft,81594,9,19,0.76,47.89,16,6,1
CP-01095,Investment Fraud,66381,15,1,0.12,46.84,5,0,0
CP-01096,Identity Theft,27475,4,19,0.44,40.44,19,10,0
CP-01097,Identity Theft,77687,1,16,0.86,1.65,13,5,1
CP-01098,Online Shopping Fraud,3653,14,17,0.32,13.23,3,3,0
CP-01099,Identity Theft,22540,5,5,0.18,38.53,4,9,0
CP-01100,Investment Fraud,89446,3,2,0.61,16.6,0,1,0
CP-01101,UPI Fraud,51610,2,11,0.14,44.7,8,12,0
CP-01102,UPI Fraud,7299,4,8,0.75,29.51,15,12,0
CP-01103,Identity Theft,35796,1,11,0.46,20.65,15,0,0
CP-01104,Phishing,83539,4,1,0.27,48.19,21,3,0
CP-01105,Phishing,73206,11,5,0.3,20.63,2,6,0
CP-01106,UPI Fraud,49429,9,6,0.78,27.11,13,14,0
CP-01107,UPI Fraud,631,14,15,0.96,31.23,20,5,1
CP-01108,Investment Fraud,8387,15,16,0.27,12.92,21,12,0
CP-01109,Investment Fraud,83364,4,19,0.84,14.42,5,2,1
CP-01110,Phishing,12259,7,4,0.83,36.39,8,13,0
CP-01111,Identity Theft,80512,9,11,0.88,47.3,20,8,1
CP-01112,UPI Fraud,36284,4,11,0.34,23.26,19,10,0
CP-01113,Identity Theft,91181,3,1,0.61,0.71,0,5,0
CP-01114,Online Shopping Fraud,73348,15,16,0.76,27.14,20,2,1
CP-01115,Identity Theft,4556,15,15,0.67,17.97,12,11,1
CP-01116,UPI Fraud,23724,14,1,0.12,18.84,6,14,0
CP-01117,Phishing,29535,12,1,0.76,34.19,22,11,0
CP-01118,Identity Theft,12292,14,20,0.63,40.52,7,7,1
CP-01119,UPI Fraud,48079,1,9,0.49,35.35,19,6,0
CP-01120,Phishing,26201,14,13,0.11,14.23,16,15,0
CP-01121,Online Shopping Fraud,72823,4,19,0.67,30.35,5,2,1
CP-01122,Phishing,17309,12,3,0.13,46.71,7,8,0
CP-01123,Identity Theft,89364,1,18,0.61,34.19,14,0,0
CP-01124,UPI Fraud,84512,11,2,0.85,16.49,13,8,0
CP-01125,UPI Fraud,89651,9,15,0.5,26.1,1,7,0
CP-01126,Investment Fraud,36929,15,14,0.53,16.15,12,6,0
CP-01127,UPI Fraud,11222,15,19,0.81,49.52,7,13,1
CP-01128,UPI Fraud,33265,4,6,0.33,3.61,20,3,0
CP-01129,Phishing,63410,7,1,0.59,31.5,10,8,0
CP-01130,UPI Fraud,14634,8,8,0.96,41.71,10,7,1
CP-01131,UPI Fraud,79138,10,15,0.76,31.45,18,3,0
CP-01132,Phishing,8454,15,2,0.38,44.56,22,2,0
CP-01133,UPI Fraud,8626,15,15,0.05,30.73,13,2,0
CP-01134,Online Shopping Fraud,89309,1,18,0.05,42.57,12,3,0
CP-01135,Identity Theft,99061,7,8,0.86,39.48,19,0,0
CP-01136,Identity Theft,50821,8,14,0.88,31.15,10,0,0
CP-01137,Online Shopping Fraud,68292,6,19,0.19,5.58,19,2,0
CP-01138,Identity Theft,25877,15,19,0.13,25.69,11,13,0
CP-01139,Phishing,95477,10,15,0.19,7.31,1,1,0
CP-01140,Online Shopping Fraud,41350,10,14,0.51,32.76,11,9,0
CP-01141,Investment Fraud,71428,13,5,0.15,15.78,10,9,0
CP-01142,Identity Theft,1559,9,19,0.66,7.66,7,1,0
CP-01143,Phishing,45564,4,7,0.64,10.46,2,10,0
CP-01144,Online Shopping Fraud,88037,8,15,0.6,16.89,18,10,0
CP-01145,Phishing,39773,7,11,0.16,22.99,1,15,0
CP-01146,Identity Theft,984,11,8,0.69,23.59,6,7,0
CP-01147,UPI Fraud,96783,13,11,0.81,19.11,12,5,1
CP-01148,Identity Theft,48055,1,3,0.36,27.96,4,9,0
CP-01149,Phishing,25980,11,19,0.91,18.32,0,6,1
CP-01150,Phishing,37737,3,8,0.89,36.08,10,7,0
CP-01151,Identity Theft,26188,1,6,0.84,45.58,0,4,0
CP-01152,Investment Fraud,86335,13,4,0.34,10.91,14,7,0
CP-01153,UPI Fraud,49304,11,6,0.94,48.87,19,13,1
CP-01154,Investment Fraud,16031,3,5,0.79,9.99,12,11,0
CP-01155,Online Shopping Fraud,79084,7,8,0.92,38.27,18,6,0
CP-01156,Online Shopping Fraud,39059,13,5,0.33,3.14,8,4,0
CP-01157,Phishing,77056,15,16,0.21,4.53,15,2,0
CP-01158,Investment Fraud,67165,7,17,0.37,26.19,5,10,0
CP-01159,Online Shopping Fraud,69375,12,16,0.72,24.99,8,12,1
CP-01160,Phishing,85662,1,7,0.22,10.55,7,12,0
CP-01161,Online Shopping Fraud,40607,7,13,0.57,46.81,11,8,0
CP-01162,Identity Theft,11609,3,3,0.3,26.18,7,1,0
CP-01163,Identity Theft,67643,10,11,0.43,23.64,13,11,0
CP-01164,Investment Fraud,42052,5,13,0.02,22.36,8,2,0
CP-01165,UPI Fraud,11302,5,17,0.51,32.36,8,7,0
CP-01166,Investment Fraud,16043,2,12,0.04,10.42,6,10,0
CP-01167,UPI Fraud,40177,12,9,0.19,30.4,4,8,0
CP-01168,Identity Theft,39752,5,12,0.78,20.49,12,0,0
CP-01169,Identity Theft,86233,9,5,0.87,11.77,23,6,1
CP-01170,Investment Fraud,31134,9,19,0.79,38.0,23,14,1
CP-01171,Identity Theft,11755,6,7,0.43,47.13,13,6,0
CP-01172,UPI Fraud,59478,14,18,0.03,7.38,4,9,0
CP-01173,Online Shopping Fraud,66009,13,12,0.34,21.25,21,12,0
CP-01174,Investment Fraud,39774,6,19,0.02,39.38,4,4,0
CP-01175,Phishing,74973,11,20,0.91,28.91,12,12,1
CP-01176,Investment Fraud,51701,2,18,0.39,24.0,10,14,0
CP-01177,UPI Fraud,12721,3,4,0.67,9.29,22,15,0
CP-01178,Investment Fraud,24970,4,3,0.91,19.6,6,7,0
CP-01179,Investment Fraud,86951,9,3,0.45,18.75,0,5,0
CP-01180,UPI Fraud,54352,7,6,0.99,6.89,13,15,1
CP-01181,Phishing,51486,15,7,0.13,10.68,13,15,0
CP-01182,Investment Fraud,79629,10,10,0.59,25.37,21,14,0
CP-01183,Online Shopping Fraud,26937,1,5,0.45,41.32,19,7,0
CP-01184,UPI Fraud,43608,15,19,0.88,23.28,18,1,1
CP-01185,Online Shopping Fraud,38237,11,15,0.35,42.21,9,12,0
CP-01186,Identity Theft,23454,7,8,0.18,31.08,13,14,0
CP-01187,Phishing,86886,3,19,0.1,35.08,1,7,0
CP-01188,Identity Theft,36384,15,18,0.29,45.86,22,6,0
CP-01189,Identity Theft,54407,13,18,0.12,18.75,3,10,0
CP-01190,Identity Theft,59605,3,9,0.21,2.71,0,2,0
CP-01191,UPI Fraud,50458,6,13,0.86,20.14,0,8,1
CP-01192,UPI Fraud,93443,15,5,0.33,37.56,15,14,0
CP-01193,Phishing,11319,9,8,0.71,22.17,15,8,0
CP-01194,Phishing,22859,14,1,0.61,9.27,3,12,1
CP-01195,Phishing,10669,11,1,0.68,8.1,11,5,0
CP-01196,Identity Theft,94139,1,18,0.22,34.99,20,3,0
CP-01197,Phishing,90985,5,15,0.05,0.73,12,6,0
CP-01198,Investment Fraud,49605,15,8,0.2,1.29,0,0,0
CP-01199,Phishing,25685,11,3,0.22,44.17,21,5,0
CP-01200,Online Shopping Fraud,6268,7,17,0.11,16.69,17,6,0
CP-01201,UPI Fraud,27647,15,18,0.4,21.68,7,6,0
CP-01202,Phishing,47237,6,6,0.01,32.87,0,12,0
CP-01203,UPI Fraud,60632,4,3,0.66,14.28,19,11,0
CP-01204,Online Shopping Fraud,9325,15,7,0.41,38.49,15,3,0
CP-01205,Phishing,75106,3,9,0.96,30.19,20,12,1
CP-01206,UPI Fraud,44022,3,11,0.98,33.49,2,10,1
CP-01207,Online Shopping Fraud,80261,15,19,0.45,25.8,23,7,1
CP-01208,Phishing,77500,12,1,0.23,31.01,3,9,0
CP-01209,Investment Fraud,97219,7,8,0.62,3.47,11,15,1
CP-01210,Investment Fraud,26978,3,13,0.2,2.38,23,14,0
CP-01211,Investment Fraud,18098,5,11,0.64,38.14,16,13,0
CP-01212,Online Shopping Fraud,98876,1,8,0.85,16.9,7,6,0
CP-01213,Online Shopping Fraud,7587,15,8,0.8,34.97,7,12,1
CP-01214,Phishing,42657,3,15,0.63,3.7,15,2,0
CP-01215,Phishing,7329,11,5,0.94,6.72,5,6,1
CP-01216,Phishing,67009,2,14,0.72,15.92,23,6,1
CP-01217,Investment Fraud,56076,3,20,0.25,14.62,14,6,0
CP-01218,Online Shopping Fraud,63568,2,12,0.4,8.8,14,13,0
CP-01219,Identity Theft,80374,12,14,0.76,41.07,15,0,0
CP-01220,Online Shopping Fraud,56519,14,3,0.76,46.12,19,4,0
CP-01221,Online Shopping Fraud,95743,3,9,0.38,15.64,9,12,0
CP-01222,Phishing,79932,8,3,0.33,35.89,6,4,0
CP-01223,Identity Theft,1047,1,17,0.73,19.03,12,13,0
CP-01224,Identity Theft,97780,6,13,0.49,32.23,18,2,0
CP-01225,Investment Fraud,5589,15,4,0.38,28.5,6,13,0
CP-01226,UPI Fraud,99010,12,12,0.51,24.69,22,11,0
CP-01227,UPI Fraud,85815,7,14,0.74,12.5,1,11,1
CP-01228,Investment Fraud,91918,11,5,0.26,23.05,21,4,0
CP-01229,UPI Fraud,32929,10,19,0.95,42.16,0,3,1
CP-01230,Identity Theft,84962,12,13,0.4,29.51,2,6,0
CP-01231,Online Shopping Fraud,22234,14,14,0.25,15.46,17,12,0
CP-01232,Online Shopping Fraud,40867,12,14,0.75,46.25,2,3,1
CP-01233,Investment Fraud,45640,14,5,0.27,10.87,23,12,0
CP-01234,Online Shopping Fraud,1341,3,16,0.0,3.96,22,13,0
CP-01235,Phishing,55136,11,10,0.73,8.95,11,5,0
CP-01236,Phishing,26454,8,6,0.5,5.96,18,6,0
CP-01237,Online Shopping Fraud,26837,1,6,0.81,10.0,13,14,0
CP-01238,UPI Fraud,14812,14,6,0.08,4.74,3,8,0
CP-01239,UPI Fraud,45346,1,19,0.23,24.52,3,0,0
CP-01240,Phishing,35375,13,1,0.67,39.57,1,3,0
CP-01241,Identity Theft,68963,13,1,0.38,26.24,8,15,0
CP-01242,Phishing,99709,6,20,0.43,18.85,10,10,0
CP-01243,UPI Fraud,47844,11,13,0.38,3.33,11,10,0
CP-01244,Online Shopping Fraud,904,8,13,0.73,44.45,4,0,1
CP-01245,Identity Theft,16608,14,17,0.28,35.11,7,11,0
CP-01246,UPI Fraud,81548,11,16,0.51,33.18,0,10,1
CP-01247,Phishing,83570,6,2,0.97,36.92,21,14,1
CP-01248,Identity Theft,80029,8,13,0.74,39.8,11,13,1
CP-01249,Online Shopping Fraud,86789,14,4,0.73,15.05,6,4,0
CP-01250,Online Shopping Fraud,75459,13,17,0.03,25.15,2,9,0
CP-01251,Phishing,61684,3,15,0.96,24.37,17,7,1
CP-01252,Investment Fraud,28240,3,3,0.11,49.67,0,5,0
CP-01253,Phishing,50764,13,9,0.22,13.25,15,3,0
CP-01254,Investment Fraud,70563,11,16,0.09,34.74,7,2,0
CP-01255,Phishing,49915,15,13,0.65,39.36,13,7,1
CP-01256,UPI Fraud,34459,2,10,0.09,4.91,23,6,0
CP-01257,Investment Fraud,75583,6,5,0.85,47.73,18,0,0
CP-01258,Investment Fraud,8611,10,18,0.19,19.71,13,10,0
CP-01259,Identity Theft,89537,15,5,0.52,30.28,7,3,0
CP-01260,Identity Theft,1704,9,15,0.32,40.9,9,7,0
CP-01261,Online Shopping Fraud,89626,8,5,0.6,7.72,21,1,0
CP-01262,Phishing,42461,5,17,0.99,6.61,22,15,1
CP-01263,Phishing,65383,5,13,0.06,40.61,4,6,0
CP-01264,Investment Fraud,92303,12,2,0.92,38.91,15,12,1
CP-01265,Identity Theft,86909,15,6,0.99,27.62,10,13,1
CP-01266,Phishing,46153,13,13,0.39,26.63,9,9,0
CP-01267,Investment Fraud,92395,14,18,0.39,6.98,18,1,0
CP-01268,Phishing,60469,11,6,0.58,22.37,15,9,0
CP-01269,Phishing,27994,4,7,0.74,0.95,23,3,1
CP-01270,UPI Fraud,49855,7,6,0.93,5.25,15,5,0
CP-01271,Phishing,15880,9,11,0.59,48.5,20,12,0
CP-01272,Identity Theft,4955,2,8,0.4,15.48,19,5,0
CP-01273,Investment Fraud,91174,13,3,0.78,43.31,20,12,0
CP-01274,Identity Theft,83381,11,15,0.37,6.44,2,3,0
CP-01275,Investment Fraud,84570,11,17,0.22,29.55,18,15,0
CP-01276,Investment Fraud,91428,12,4,0.79,9.46,15,13,1
CP-01277,Identity Theft,75397,3,4,0.33,35.83,17,5,0
CP-01278,UPI Fraud,92347,1,13,0.56,27.05,16,15,0
CP-01279,Phishing,68513,14,19,0.54,41.03,20,3,0
CP-01280,Online Shopping Fraud,86821,15,4,0.18,30.16,5,0,0
CP-01281,UPI Fraud,59119,13,11,0.12,6.88,6,5,0
CP-01282,Online Shopping Fraud,74227,5,2,0.08,6.67,9,11,0
CP-01283,Online Shopping Fraud,22992,7,1,0.25,2.79,16,9,0
CP-01284,UPI Fraud,58816,3,19,0.49,15.99,11,6,0
CP-01285,Phishing,87350,14,2,0.24,9.81,9,6,0
CP-01286,UPI Fraud,79424,9,7,0.59,14.23,23,13,1
CP-01287,UPI Fraud,72569,5,9,0.38,45.23,12,14,0
CP-01288,Investment Fraud,33815,11,14,0.94,7.59,6,2,1
CP-01289,Identity Theft,83484,12,7,0.71,28.4,20,5,0
CP-01290,Investment Fraud,20618,6,14,0.38,48.22,7,2,0
CP-01291,Investment Fraud,16834,9,4,0.68,20.64,10,2,0
CP-01292,UPI Fraud,44214,13,9,0.15,40.01,8,0,0
CP-01293,Online Shopping Fraud,49934,4,13,0.95,39.25,3,5,1
CP-01294,Online Shopping Fraud,95963,15,10,0.59,40.44,3,11,1
CP-01295,Identity Theft,37461,9,9,0.61,44.88,5,10,1
CP-01296,Online Shopping Fraud,24181,6,18,0.55,44.16,12,15,0
CP-01297,Phishing,17221,5,1,0.69,35.8,21,4,0
CP-01298,Online Shopping Fraud,50150,10,9,0.05,36.41,11,7,0
CP-01299,Investment Fraud,55320,12,15,0.18,49.32,14,9,0
CP-01300,Investment Fraud,56568,9,8,0.31,42.97,9,13,0
CP-01301,Online Shopping Fraud,12314,11,3,0.08,12.38,2,5,0
CP-01302,Online Shopping Fraud,8025,2,10,0.55,24.9,0,13,0
CP-01303,Identity Theft,96287,3,16,0.5,34.41,21,3,0
CP-01304,Online Shopping Fraud,2321,10,7,0.91,37.42,22,13,1
CP-01305,Online Shopping Fraud,98760,6,8,0.99,33.23,16,1,0
CP-01306,Online Shopping Fraud,59305,3,17,0.9,9.15,11,4,0
CP-01307,Phishing,46806,1,14,0.5,8.94,3,10,0
CP-01308,UPI Fraud,71163,14,4,0.29,24.41,8,6,0
CP-01309,Identity Theft,97234,11,19,0.39,46.19,20,1,0
CP-01310,Investment Fraud,81469,14,16,0.06,0.79,14,10,0
CP-01311,UPI Fraud,46885,2,1,0.35,36.26,12,11,0
CP-01312,UPI Fraud,13782,7,16,0.2,26.69,4,13,0
CP-01313,Investment Fraud,64386,1,5,0.77,12.88,15,12,0
CP-01314,Identity Theft,39727,6,14,0.89,27.05,8,3,0
CP-01315,Investment Fraud,86519,14,15,0.16,18.01,13,0,0
CP-01316,Investment Fraud,93458,4,4,0.19,2.49,12,13,0
CP-01317,Identity Theft,4642,3,7,0.95,48.01,8,3,0
CP-01318,Online Shopping Fraud,64603,9,16,0.8,35.86,10,12,1
CP-01319,Phishing,95657,15,13,0.13,47.91,0,4,0
CP-01320,Identity Theft,45604,9,1,0.77,12.21,21,10,0
CP-01321,Identity Theft,78761,12,1,0.43,14.83,15,2,0
CP-01322,Investment Fraud,32972,10,5,0.73,9.75,8,3,0
CP-01323,Phishing,92375,4,14,0.2,35.47,3,5,0
CP-01324,Phishing,77989,11,5,0.23,7.05,1,8,0
CP-01325,Identity Theft,19663,7,1,0.62,5.0,1,12,0
CP-01326,UPI Fraud,69309,5,8,0.22,21.59,1,13,0
CP-01327,Phishing,40383,2,9,0.36,47.18,22,13,0
CP-01328,Phishing,42422,15,2,0.18,0.53,21,10,0
CP-01329,Identity Theft,37897,8,9,0.91,5.49,5,8,1
CP-01330,Investment Fraud,48155,6,10,0.11,33.61,21,4,0
CP-01331,Phishing,47760,12,12,0.74,29.65,19,11,1
CP-01332,Online Shopping Fraud,85729,5,7,0.58,4.82,3,4,1
CP-01333,Identity Theft,16275,1,19,0.97,44.26,6,6,1
CP-01334,Online Shopping Fraud,13428,2,18,0.62,15.42,15,6,0
CP-01335,Online Shopping Fraud,94972,3,2,0.13,21.2,22,8,0
CP-01336,Identity Theft,46026,15,12,0.45,36.01,13,2,0
CP-01337,Investment Fraud,55419,9,17,0.79,8.76,8,4,1
CP-01338,Identity Theft,6456,10,2,0.79,34.84,23,12,1
CP-01339,Online Shopping Fraud,90244,9,17,0.97,8.69,16,12,1
CP-01340,Online Shopping Fraud,51650,7,20,0.27,9.61,5,6,0
CP-01341,Investment Fraud,91820,1,17,0.46,35.53,16,8,0
CP-01342,Investment Fraud,29379,5,9,0.55,8.97,1,7,0
CP-01343,UPI Fraud,5623,11,5,0.94,14.25,4,8,1
CP-01344,Investment Fraud,84702,4,7,0.53,0.57,11,11,0
CP-01345,Investment Fraud,11411,12,18,0.26,7.11,19,9,0
CP-01346,Investment Fraud,8005,11,1,0.82,11.35,8,5,0
CP-01347,Online Shopping Fraud,2549,9,19,0.11,37.42,12,8,0
CP-01348,Phishing,72704,4,15,0.22,13.81,18,12,0
CP-01349,Phishing,58965,4,14,0.37,45.16,2,15,0
CP-01350,Investment Fraud,60713,3,6,0.19,24.78,23,5,0
CP-01351,UPI Fraud,3258,5,6,0.89,40.97,21,6,0
CP-01352,Online Shopping Fraud,19311,2,14,0.25,45.5,12,3,0
CP-01353,UPI Fraud,18495,12,1,0.6,19.2,0,3,0
CP-01354,Online Shopping Fraud,84973,15,2,0.13,38.62,8,4,0
CP-01355,UPI Fraud,2269,13,1,0.96,5.76,23,10,1
CP-01356,Investment Fraud,27018,3,16,0.76,44.67,5,9,1
CP-01357,UPI Fraud,63271,3,8,0.06,34.76,20,3,0
CP-01358,UPI Fraud,6336,2,18,0.3,25.82,13,4,0
CP-01359,Phishing,29901,1,8,0.43,7.8,20,9,0
CP-01360,Investment Fraud,90207,7,4,0.49,49.54,7,3,0
CP-01361,Online Shopping Fraud,47333,2,20,0.33,18.34,2,1,0
CP-01362,Phishing,20305,3,14,0.53,30.18,21,13,0
CP-01363,Identity Theft,87960,11,10,0.62,14.71,3,8,1
CP-01364,Phishing,87234,6,9,0.81,35.71,2,0,1
CP-01365,UPI Fraud,86464,3,11,0.15,22.61,15,2,0
CP-01366,Identity Theft,76239,7,9,0.14,16.49,4,5,0
CP-01367,Phishing,46717,6,16,0.42,34.82,13,10,0
CP-01368,Online Shopping Fraud,86215,15,8,0.38,27.69,17,15,0
CP-01369,UPI Fraud,70782,14,8,0.38,29.26,13,7,0
CP-01370,Phishing,31327,6,1,0.2,42.6,11,15,0
CP-01371,Identity Theft,14938,1,12,0.36,42.54,4,9,0
CP-01372,Phishing,19392,14,18,0.97,45.69,7,6,1
CP-01373,UPI Fraud,7822,12,5,0.12,34.94,4,12,0
CP-01374,Identity Theft,91742,7,12,0.05,5.75,18,2,0
CP-01375,UPI Fraud,78347,14,6,0.03,18.58,2,7,0
CP-01376,Online Shopping Fraud,2135,10,14,0.15,9.53,23,4,0
CP-01377,Investment Fraud,92062,5,16,0.41,17.2,20,0,0
CP-01378,UPI Fraud,15083,3,2,0.88,2.09,5,5,1
CP-01379,Online Shopping Fraud,52455,14,14,0.68,43.86,17,8,1
CP-01380,Phishing,66281,5,8,0.42,8.26,2,12,0
CP-01381,Identity Theft,97904,4,13,0.62,11.34,5,2,0
CP-01382,Phishing,63075,6,13,0.83,8.66,11,13,1
CP-01383,Phishing,35878,2,4,0.08,30.36,10,0,0
CP-01384,Phishing,37489,3,18,0.11,10.99,0,9,0
CP-01385,Online Shopping Fraud,72811,4,2,0.24,4.71,18,1,0
CP-01386,Investment Fraud,63913,1,2,0.31,47.2,0,11,0
CP-01387,UPI Fraud,52684,9,7,0.31,19.84,11,4,0
CP-01388,Online Shopping Fraud,43926,7,17,0.1,40.47,4,0,0
CP-01389,Identity Theft,50584,8,19,0.87,2.35,5,4,1
CP-01390,Phishing,10822,15,3,0.95,11.96,6,4,1
CP-01391,Phishing,66248,9,20,0.65,46.55,10,14,1
CP-01392,Phishing,44936,5,12,0.62,47.04,1,12,1
CP-01393,UPI Fraud,27870,10,20,0.07,8.04,20,15,0
CP-01394,UPI Fraud,2458,3,10,0.55,48.46,2,15,0
CP-01395,Investment Fraud,60112,6,6,0.93,8.49,8,11,1
CP-01396,Identity Theft,12195,2,6,0.71,23.31,15,8,0
CP-01397,Investment Fraud,85735,15,5,0.94,48.6,15,1,1
CP-01398,Investment Fraud,38068,7,14,0.86,45.9,4,14,1
CP-01399,Online Shopping Fraud,67671,14,20,0.95,19.0,21,13,1
CP-01400,Online Shopping Fraud,59494,5,2,0.62,32.37,23,7,0
CP-01401,Phishing,1541,3,4,0.29,8.33,12,2,0
CP-01402,UPI Fraud,51385,14,15,0.67,17.77,14,14,1
CP-01403,Identity Theft,11748,3,4,0.92,46.16,13,6,0
CP-01404,UPI Fraud,43586,2,11,0.34,30.42,6,15,0
CP-01405,Investment Fraud,36987,8,2,0.55,47.45,4,6,0
CP-01406,Identity Theft,74975,1,20,0.77,3.59,11,13,1
CP-01407,Investment Fraud,28473,1,7,0.87,47.66,21,13,0
CP-01408,Investment Fraud,33539,11,6,0.08,3.93,12,2,0
CP-01409,UPI Fraud,93850,8,14,0.52,33.65,8,5,0
CP-01410,Investment Fraud,12616,15,14,0.34,37.78,5,6,0
CP-01411,Investment Fraud,55432,8,16,0.54,39.3,22,13,0
CP-01412,UPI Fraud,91319,10,13,0.82,28.26,19,6,1
CP-01413,UPI Fraud,95228,11,19,0.62,16.52,23,10,1
CP-01414,Identity Theft,20227,15,15,0.93,25.22,10,3,1
CP-01415,Online Shopping Fraud,34946,9,1,0.99,47.19,4,14,1
CP-01416,Online Shopping Fraud,13272,1,7,0.75,9.79,22,5,0
CP-01417,Investment Fraud,49987,4,12,0.21,9.96,21,0,0
CP-01418,Identity Theft,48183,1,10,0.9,25.35,3,15,1
CP-01419,UPI Fraud,54770,7,12,0.35,27.35,16,10,0
CP-01420,Identity Theft,23544,8,14,0.37,27.86,5,13,0
CP-01421,UPI Fraud,37859,14,14,0.63,35.25,3,2,1
CP-01422,Identity Theft,12249,11,1,0.62,20.86,15,3,0
CP-01423,Identity Theft,66476,10,2,0.67,42.66,6,7,0
CP-01424,Identity Theft,72797,7,4,0.2,23.74,3,11,0
CP-01425,Investment Fraud,54624,15,13,0.01,19.04,7,9,0
CP-01426,UPI Fraud,86834,5,10,0.84,39.86,13,7,0
CP-01427,Investment Fraud,54836,1,1,0.03,39.63,16,10,0
CP-01428,UPI Fraud,22836,10,14,0.24,48.69,6,12,0
CP-01429,Identity Theft,76240,7,5,0.94,19.83,23,5,1
CP-01430,Online Shopping Fraud,42197,9,6,0.44,5.43,4,3,0
CP-01431,UPI Fraud,51881,14,9,0.84,8.37,10,6,1
CP-01432,Online Shopping Fraud,12724,1,14,0.01,38.62,4,0,0
CP-01433,Identity Theft,93243,9,3,0.57,1.75,23,4,1
CP-01434,Phishing,83660,11,12,0.19,32.8,7,9,0
CP-01435,UPI Fraud,70678,14,8,0.73,40.45,12,8,0
CP-01436,UPI Fraud,36540,2,5,0.63,32.1,18,3,0
CP-01437,UPI Fraud,60678,15,20,0.12,7.52,8,5,0
CP-01438,UPI Fraud,10642,8,12,0.91,10.79,3,15,1
CP-01439,Identity Theft,54730,2,16,0.96,4.28,21,13,1
CP-01440,Online Shopping Fraud,41602,11,15,0.81,9.4,0,5,1
CP-01441,Online Shopping Fraud,83234,10,2,0.12,17.47,11,15,0
CP-01442,Online Shopping Fraud,79142,9,1,0.16,37.21,3,6,0
CP-01443,UPI Fraud,4373,9,1,0.52,38.17,6,11,0
CP-01444,Investment Fraud,28937,1,11,0.14,4.63,22,4,0
CP-01445,Identity Theft,36370,8,7,0.95,17.75,17,9,1
CP-01446,Phishing,98174,13,16,0.44,47.34,6,8,0
CP-01447,Phishing,26436,11,9,0.96,5.59,18,9,1
CP-01448,Investment Fraud,27478,12,16,0.43,22.58,19,8,0
CP-01449,UPI Fraud,82146,2,20,0.38,10.39,11,11,0
CP-01450,Online Shopping Fraud,59404,3,2,0.96,13.03,13,9,0
CP-01451,Phishing,85054,9,12,0.4,6.18,10,13,0
CP-01452,UPI Fraud,47390,4,3,0.22,18.9,4,10,0
CP-01453,Phishing,1762,6,1,0.72,11.08,18,10,0
CP-01454,Online Shopping Fraud,74115,2,13,0.28,11.0,6,3,0
CP-01455,Online Shopping Fraud,36944,12,20,0.95,40.47,21,2,1
CP-01456,Identity Theft,85207,7,14,0.32,16.35,6,1,0
CP-01457,Online Shopping Fraud,65859,1,9,0.42,6.64,5,10,0
CP-01458,Identity Theft,50681,4,19,0.02,1.38,18,0,0
CP-01459,Investment Fraud,37772,3,13,0.04,26.91,16,1,0
CP-01460,Investment Fraud,85012,1,3,0.47,41.58,13,9,0
CP-01461,Online Shopping Fraud,42074,13,12,0.4,28.04,10,15,0
CP-01462,Investment Fraud,6669,7,10,0.7,23.0,20,3,0
CP-01463,Investment Fraud,81499,2,1,0.22,41.36,4,3,0
CP-01464,Online Shopping Fraud,90624,12,14,0.23,4.86,23,11,1
CP-01465,Investment Fraud,1147,15,2,0.26,39.35,3,1,0
CP-01466,Phishing,10335,5,11,0.69,39.69,12,8,0
CP-01467,Identity Theft,18556,10,15,0.12,16.31,4,13,0
CP-01468,Investment Fraud,88086,2,17,0.53,29.11,21,15,0
CP-01469,Investment Fraud,42693,13,16,0.23,13.56,9,2,0
CP-01470,UPI Fraud,73705,14,8,0.66,36.9,6,2,0
CP-01471,Identity Theft,65328,1,7,0.01,11.2,12,6,0
CP-01472,Investment Fraud,14201,6,7,0.81,38.2,16,10,0
CP-01473,Investment Fraud,93366,8,5,0.85,5.73,4,7,1
CP-01474,Investment Fraud,51038,8,20,0.51,39.11,6,2,0
CP-01475,Identity Theft,55955,3,10,0.95,29.07,3,4,1
CP-01476,UPI Fraud,14547,12,4,0.24,44.76,5,8,0
CP-01477,Investment Fraud,62921,11,17,0.45,13.65,17,2,0
CP-01478,Identity Theft,57054,4,5,0.4,21.83,10,1,0
CP-01479,Investment Fraud,36228,6,4,0.05,19.43,13,6,0
CP-01480,UPI Fraud,25331,7,6,0.59,26.71,15,13,0
CP-01481,Online Shopping Fraud,89781,1,8,0.96,11.37,1,1,1
CP-01482,Identity Theft,35388,4,3,0.53,14.14,19,12,0
CP-01483,Phishing,51996,2,8,0.73,44.04,8,15,0
CP-01484,UPI Fraud,22917,13,7,0.35,14.76,19,9,0
CP-01485,Phishing,12852,3,17,0.91,31.29,23,9,1
CP-01486,UPI Fraud,22812,6,3,0.17,16.94,14,4,0
CP-01487,Phishing,87798,8,14,0.33,9.29,8,2,0
CP-01488,Identity Theft,89524,13,1,0.59,48.49,18,0,0
CP-01489,Phishing,32941,8,4,0.05,1.36,21,9,0
CP-01490,Investment Fraud,69348,9,6,0.75,38.88,3,9,1
CP-01491,Investment Fraud,59825,8,12,0.99,13.24,15,8,1
CP-01492,UPI Fraud,60629,1,12,0.3,17.02,16,15,0
CP-01493,Phishing,35881,11,17,0.73,1.53,13,7,1
CP-01494,Phishing,47318,8,1,0.24,37.18,13,11,0
CP-01495,Online Shopping Fraud,98065,2,7,0.92,19.2,3,8,1
CP-01496,Identity Theft,59386,15,17,0.17,45.56,11,10,0
CP-01497,Online Shopping Fraud,77720,7,9,0.31,2.53,16,10,0
CP-01498,UPI Fraud,16616,7,15,0.57,39.73,11,9,0
CP-01499,Investment Fraud,1592,8,5,0.47,7.94,9,5,0
CP-01500,Investment Fraud,64309,5,3,0.8,1.27,1,6,1
CP-01501,UPI Fraud,78235,2,2,0.49,0.75,11,0,0
CP-01502,UPI Fraud,33455,3,12,0.88,39.37,16,4,0
CP-01503,Investment Fraud,93980,5,5,1.0,10.24,18,2,0
CP-01504,Identity Theft,29186,1,16,0.93,12.81,21,12,1
CP-01505,Phishing,52812,15,4,0.89,46.05,19,9,1
CP-01506,Phishing,74412,7,11,0.8,7.39,6,8,0
CP-01507,Online Shopping Fraud,55066,9,7,0.3,4.74,18,14,0
CP-01508,Online Shopping Fraud,24534,7,14,0.1,26.57,22,10,0
CP-01509,Identity Theft,90305,12,12,0.47,21.67,13,13,0
CP-01510,Online Shopping Fraud,4127,15,18,0.03,38.46,2,4,0
CP-01511,UPI Fraud,40134,13,8,0.58,18.97,19,9,0
CP-01512,UPI Fraud,99503,14,13,0.13,33.67,14,14,0
CP-01513,Investment Fraud,11596,1,9,0.83,32.67,10,3,0
CP-01514,Phishing,74613,8,11,0.86,6.51,18,1,0
CP-01515,Investment Fraud,68167,3,18,0.74,25.02,7,4,0
CP-01516,UPI Fraud,82844,5,1,0.81,31.37,6,3,0
CP-01517,UPI Fraud,504,3,20,0.88,26.23,7,6,1
CP-01518,Identity Theft,62594,1,17,0.44,3.25,3,9,1
CP-01519,Online Shopping Fraud,63902,3,8,0.84,27.56,19,14,0
CP-01520,Phishing,16647,7,5,0.64,9.65,23,7,0
CP-01521,Online Shopping Fraud,67545,12,18,0.2,24.28,9,3,0
CP-01522,Identity Theft,65113,6,9,0.39,35.03,3,14,0
CP-01523,Online Shopping Fraud,56183,3,1,0.28,6.45,12,0,0
CP-01524,Identity Theft,40183,1,20,0.44,45.45,11,4,0
CP-01525,Investment Fraud,95273,8,9,0.01,8.34,16,6,0
CP-01526,Online Shopping Fraud,93066,9,13,0.51,9.14,4,11,1
CP-01527,UPI Fraud,44971,8,5,0.28,38.25,9,12,0
CP-01528,Phishing,85059,8,13,0.96,30.49,5,8,1
CP-01529,UPI Fraud,91957,6,19,0.96,17.73,19,12,1
CP-01530,Investment Fraud,6388,1,6,0.23,33.43,15,15,0
CP-01531,Identity Theft,30847,13,8,0.11,44.1,23,12,0
CP-01532,Identity Theft,8937,1,20,0.25,2.35,23,2,0
CP-01533,Identity Theft,49563,10,1,0.92,16.4,22,14,1
CP-01534,Investment Fraud,17960,11,19,0.56,10.19,15,14,1
CP-01535,Online Shopping Fraud,30056,4,6,0.43,26.66,6,2,0
CP-01536,Identity Theft,3677,11,4,0.2,40.6,0,11,0
CP-01537,Phishing,74987,9,3,0.34,34.28,23,15,0
CP-01538,UPI Fraud,27694,10,16,0.5,18.15,17,4,0
CP-01539,UPI Fraud,58024,7,13,0.87,28.67,4,9,1
CP-01540,Investment Fraud,15956,8,8,0.05,27.26,0,7,0
CP-01541,Online Shopping Fraud,33449,7,12,0.07,43.64,9,2,0
CP-01542,Online Shopping Fraud,75913,4,17,0.93,25.25,12,1,0
CP-01543,UPI Fraud,91925,15,4,0.58,46.88,8,0,0
CP-01544,Phishing,44808,7,9,0.2,44.46,1,4,0
CP-01545,Identity Theft,72207,14,11,0.92,33.34,1,7,1
CP-01546,UPI Fraud,10056,13,19,0.9,35.3,1,11,1
CP-01547,Investment Fraud,55057,10,20,0.93,44.43,15,4,1
CP-01548,Identity Theft,95308,1,4,0.04,25.63,20,11,0
CP-01549,UPI Fraud,63099,5,8,0.02,3.24,6,12,0
CP-01550,Identity Theft,72916,8,2,0.39,19.17,4,13,0
CP-01551,Phishing,72529,3,4,0.44,44.91,11,11,0
CP-01552,Identity Theft,45474,7,2,0.24,5.05,0,7,0
CP-01553,UPI Fraud,98473,13,18,0.57,49.55,0,7,1
CP-01554,Online Shopping Fraud,10541,1,5,0.44,14.49,10,11,0
CP-01555,UPI Fraud,86379,15,8,1.0,6.92,12,15,1
CP-01556,Phishing,86560,2,3,0.25,27.41,15,11,0
CP-01557,Online Shopping Fraud,58635,12,10,0.94,39.12,9,7,1
CP-01558,Investment Fraud,35566,6,18,0.5,3.17,13,15,1
CP-01559,UPI Fraud,10782,4,5,0.84,26.29,9,6,0
CP-01560,UPI Fraud,49309,12,5,0.04,12.14,14,14,0
CP-01561,UPI Fraud,3290,8,2,0.27,29.62,9,2,0
CP-01562,Identity Theft,37081,14,20,0.38,1.43,12,12,1
CP-01563,Investment Fraud,6321,4,7,0.38,33.17,17,1,0
CP-01564,Online Shopping Fraud,4603,9,12,0.94,45.55,10,8,1
CP-01565,UPI Fraud,28882,13,1,0.34,41.55,13,13,0
CP-01566,Identity Theft,14814,9,13,0.95,46.66,9,14,1
CP-01567,Phishing,75552,12,19,0.77,13.37,12,14,1
CP-01568,Phishing,17784,15,1,0.28,34.29,8,2,0
CP-01569,Investment Fraud,71646,5,11,0.57,2.41,8,11,0
CP-01570,Investment Fraud,86906,5,20,0.01,15.69,21,10,0
CP-01571,Identity Theft,23933,8,15,0.02,0.94,1,11,0
CP-01572,Online Shopping Fraud,84090,14,18,0.22,3.4,2,8,1
CP-01573,Identity Theft,72779,6,3,0.44,13.27,8,8,0
CP-01574,UPI Fraud,17175,4,6,0.15,31.09,1,7,0
CP-01575,UPI Fraud,86299,1,6,0.68,43.1,18,10,0
CP-01576,UPI Fraud,73036,12,8,0.06,35.87,8,8,0
CP-01577,UPI Fraud,89417,14,12,0.54,2.71,7,11,1
CP-01578,Online Shopping Fraud,10655,9,15,0.11,4.33,6,10,0
CP-01579,UPI Fraud,49174,14,14,0.07,21.61,9,4,0
CP-01580,Identity Theft,43300,10,12,0.33,20.7,20,11,0
CP-01581,UPI Fraud,39043,10,1,0.16,2.71,4,0,0
CP-01582,Phishing,80327,4,11,0.51,39.15,16,11,0
CP-01583,UPI Fraud,50155,14,19,0.03,36.45,12,2,0
CP-01584,Online Shopping Fraud,29936,10,17,1.0,31.7,23,13,1
CP-01585,Investment Fraud,96581,2,17,0.8,30.55,21,14,1
CP-01586,Phishing,35782,4,19,0.29,12.58,7,11,0
CP-01587,UPI Fraud,60245,6,4,0.69,22.53,13,11,0
CP-01588,Identity Theft,46635,9,17,0.08,18.43,15,7,0
CP-01589,Identity Theft,55399,4,19,0.83,49.34,17,7,1
CP-01590,UPI Fraud,88856,10,5,0.61,39.89,10,10,0
CP-01591,Phishing,11183,7,14,0.51,7.85,15,6,0
CP-01592,UPI Fraud,60015,1,6,0.12,13.54,17,15,0
CP-01593,Phishing,17067,14,2,0.83,1.68,5,2,1
CP-01594,Identity Theft,67988,14,17,0.92,45.26,11,4,1
CP-01595,UPI Fraud,91847,9,8,0.71,6.39,10,3,0
CP-01596,Identity Theft,10166,12,12,0.95,45.58,20,14,1
CP-01597,Phishing,38417,13,16,0.7,36.81,23,2,1
CP-01598,Identity Theft,1520,10,19,0.37,32.65,12,10,0
CP-01599,Identity Theft,23663,9,19,0.28,38.76,7,9,0
CP-01600,Investment Fraud,45210,1,19,0.52,26.5,16,13,0
CP-01601,Identity Theft,42810,7,11,0.76,47.7,1,6,1
CP-01602,Phishing,68544,5,19,0.88,16.06,11,9,1
CP-01603,Investment Fraud,16038,5,9,0.49,11.57,5,9,0
CP-01604,Phishing,79951,13,4,0.92,33.49,4,3,1
CP-01605,UPI Fraud,72873,14,17,0.75,1.85,1,6,1
CP-01606,Identity Theft,64511,14,1,0.37,14.45,18,13,0
CP-01607,Identity Theft,68774,3,15,0.29,5.93,22,3,0
CP-01608,Investment Fraud,57157,8,9,0.09,7.27,8,3,0
CP-01609,Investment Fraud,10863,12,8,0.73,16.69,16,10,0
CP-01610,UPI Fraud,59936,11,17,0.67,4.17,22,10,1
CP-01611,UPI Fraud,57303,2,17,0.32,42.15,21,1,0
CP-01612,Investment Fraud,32732,3,19,0.38,47.19,21,6,0
CP-01613,Phishing,62118,3,16,0.81,36.81,9,4,0
CP-01614,UPI Fraud,83700,15,3,0.95,42.93,23,6,1
CP-01615,Identity Theft,57427,2,16,0.56,10.82,5,1,0
CP-01616,Identity Theft,90675,5,20,0.38,29.4,20,11,0
CP-01617,Identity Theft,70028,11,6,0.88,42.11,9,15,1
CP-01618,UPI Fraud,83078,7,20,0.36,24.31,3,7,0
CP-01619,UPI Fraud,99454,13,10,0.42,22.64,7,13,0
CP-01620,Identity Theft,23594,8,11,0.66,17.71,12,4,0
CP-01621,Identity Theft,64617,10,14,0.69,1.93,8,6,1
CP-01622,Identity Theft,8469,9,11,0.26,16.22,12,14,0
CP-01623,Investment Fraud,52755,5,2,0.27,36.55,10,1,0
CP-01624,Online Shopping Fraud,59172,7,8,0.57,8.74,6,3,0
CP-01625,Identity Theft,80552,6,5,0.6,1.49,23,0,0
CP-01626,UPI Fraud,12329,13,11,0.91,38.46,17,2,1
CP-01627,Phishing,68480,4,12,0.54,49.27,17,12,0
CP-01628,UPI Fraud,38535,13,6,0.91,16.91,6,7,1
CP-01629,Identity Theft,5228,14,1,0.76,26.56,16,12,0
CP-01630,UPI Fraud,6042,3,10,0.3,11.89,22,7,0
CP-01631,Investment Fraud,36211,12,4,0.81,19.2,12,4,0
CP-01632,UPI Fraud,11630,2,3,0.5,35.32,23,13,0
CP-01633,Phishing,2432,12,18,0.6,8.02,23,12,1
CP-01634,Investment Fraud,79889,14,10,0.78,21.55,23,0,1
CP-01635,Identity Theft,36420,8,7,0.1,48.48,18,15,0
CP-01636,Investment Fraud,38673,7,3,0.22,20.61,8,15,0
CP-01637,Investment Fraud,92627,9,17,0.24,1.35,15,12,0
CP-01638,Phishing,72141,12,4,0.45,29.11,0,12,0
CP-01639,UPI Fraud,59100,6,16,0.56,32.32,10,4,0
CP-01640,UPI Fraud,13002,9,6,0.21,47.13,18,7,0
CP-01641,UPI Fraud,19024,7,20,0.84,26.41,18,7,1
CP-01642,Investment Fraud,65173,5,14,0.31,17.22,4,1,0
CP-01643,Online Shopping Fraud,90808,10,20,0.41,0.78,22,6,1
CP-01644,Identity Theft,64558,9,16,0.31,32.77,10,14,0
CP-01645,Phishing,67927,9,3,0.92,21.57,2,12,1
CP-01646,UPI Fraud,99706,1,6,0.52,6.51,6,14,0
CP-01647,Phishing,5619,15,14,0.5,31.5,16,15,1
CP-01648,Investment Fraud,98672,14,18,0.42,0.96,3,13,1
CP-01649,Phishing,94864,15,9,0.52,30.95,11,5,0
CP-01650,Identity Theft,38536,9,7,0.8,47.62,11,8,0
CP-01651,Online Shopping Fraud,61170,4,11,0.93,36.15,4,5,1
CP-01652,UPI Fraud,94227,14,16,0.01,21.11,4,15,0
CP-01653,UPI Fraud,1234,5,7,0.2,5.15,14,10,0
CP-01654,Investment Fraud,8509,10,15,0.59,3.81,20,7,1
CP-01655,Investment Fraud,82920,1,7,0.27,41.13,13,9,0
CP-01656,UPI Fraud,82354,13,13,0.93,28.28,20,6,1
CP-01657,Phishing,78178,3,4,0.73,14.36,8,3,0
CP-01658,Online Shopping Fraud,68961,10,13,0.33,38.71,18,8,0
CP-01659,UPI Fraud,88121,15,16,0.21,0.63,7,6,0
CP-01660,UPI Fraud,81099,3,5,0.16,43.79,10,2,0
CP-01661,Phishing,18453,9,15,0.43,23.85,9,3,0
CP-01662,Online Shopping Fraud,73919,7,13,0.77,35.46,11,9,0
CP-01663,Phishing,42046,9,3,0.88,42.19,5,8,1
CP-01664,Online Shopping Fraud,57810,9,15,0.49,39.55,21,3,0
CP-01665,Identity Theft,57570,11,12,0.18,43.37,14,11,0
CP-01666,Investment Fraud,28520,10,18,0.88,46.07,6,12,1
CP-01667,Online Shopping Fraud,23962,15,1,0.2,18.37,6,0,0
CP-01668,Online Shopping Fraud,41183,6,4,0.91,45.83,16,0,0
CP-01669,Investment Fraud,36286,1,9,0.64,20.22,22,8,0
CP-01670,Identity Theft,82455,1,19,0.82,43.23,15,14,1
CP-01671,Phishing,23276,8,18,0.81,2.39,0,4,1
CP-01672,Investment Fraud,17755,2,14,0.83,6.41,14,1,0
CP-01673,Investment Fraud,13276,14,18,0.28,42.7,20,0,0
CP-01674,Online Shopping Fraud,88579,14,11,0.9,8.88,18,11,1
CP-01675,Phishing,2357,11,13,0.42,33.55,1,2,0
CP-01676,Online Shopping Fraud,66235,3,9,0.08,22.45,8,6,0
CP-01677,Identity Theft,54141,3,1,0.31,28.25,3,10,0
CP-01678,Phishing,74971,14,3,0.57,23.42,3,2,0
CP-01679,UPI Fraud,96123,2,6,0.32,31.52,0,5,0
CP-01680,Phishing,29011,11,12,0.46,43.92,7,9,0
CP-01681,Investment Fraud,98464,13,5,0.31,19.28,9,5,0
CP-01682,Phishing,18905,10,11,0.41,41.85,8,6,0
CP-01683,Investment Fraud,39157,5,15,0.26,24.75,18,11,0
CP-01684,Online Shopping Fraud,84625,9,15,0.83,34.51,5,1,1
CP-01685,Investment Fraud,51051,3,18,0.57,49.69,13,11,0
CP-01686,Online Shopping Fraud,27690,6,17,0.55,37.29,8,2,0
CP-01687,Identity Theft,28119,5,7,0.47,2.06,3,5,0
CP-01688,Investment Fraud,18825,8,19,0.32,28.41,21,1,0
CP-01689,Investment Fraud,92419,2,12,0.87,0.89,13,15,1
CP-01690,Online Shopping Fraud,44628,11,4,0.19,18.22,5,14,0
CP-01691,Identity Theft,24900,13,1,0.44,31.02,18,13,0
CP-01692,Identity Theft,62572,14,8,0.25,18.97,10,15,0
CP-01693,Identity Theft,39844,1,8,0.76,45.09,16,3,0
CP-01694,Online Shopping Fraud,56322,13,9,0.95,20.34,0,5,1
CP-01695,Online Shopping Fraud,22308,15,10,0.89,48.28,16,6,1
CP-01696,Investment Fraud,99046,3,5,0.66,39.53,1,2,0
CP-01697,Phishing,19041,13,12,0.46,8.68,0,4,0
CP-01698,UPI Fraud,23053,5,10,0.08,12.19,6,13,0
CP-01699,Identity Theft,95413,4,5,0.68,42.36,11,0,0
CP-01700,Identity Theft,21383,6,4,0.47,34.5,22,6,0
CP-01701,Phishing,88113,7,15,0.71,38.27,3,12,1
CP-01702,Online Shopping Fraud,42227,13,5,0.4,16.69,9,13,0
CP-01703,Phishing,52122,9,3,0.35,33.66,18,0,0
CP-01704,UPI Fraud,80260,3,8,0.37,17.32,0,12,0
CP-01705,UPI Fraud,85117,4,5,0.5,2.69,9,13,0
CP-01706,UPI Fraud,45010,7,6,0.43,14.61,12,15,0
CP-01707,UPI Fraud,34712,7,6,0.16,34.28,3,14,0
CP-01708,Investment Fraud,45888,11,4,0.66,20.52,0,5,0
CP-01709,Identity Theft,17374,10,17,0.38,23.01,15,12,0
CP-01710,Online Shopping Fraud,7644,5,14,0.26,31.89,19,14,0
CP-01711,Phishing,49366,13,16,0.71,42.29,11,3,1
CP-01712,Online Shopping Fraud,56083,9,13,0.87,4.46,0,10,1
CP-01713,UPI Fraud,34295,4,17,0.81,36.52,14,13,1
CP-01714,Online Shopping Fraud,61417,5,2,0.12,24.74,11,1,0
CP-01715,Phishing,90466,6,9,0.43,33.91,0,8,0
CP-01716,Online Shopping Fraud,38935,6,14,0.02,16.57,20,1,0
CP-01717,Online Shopping Fraud,15138,6,2,0.53,20.11,5,2,0
CP-01718,Identity Theft,12895,3,5,0.63,21.84,8,11,0
CP-01719,UPI Fraud,90807,10,8,0.92,45.23,23,14,1
CP-01720,Identity Theft,10531,6,12,0.04,30.66,23,3,0
CP-01721,Identity Theft,67691,12,3,0.34,32.02,9,13,0
CP-01722,UPI Fraud,3433,3,9,0.72,37.26,2,13,1
CP-01723,UPI Fraud,25619,10,9,0.99,30.97,17,7,1
CP-01724,Investment Fraud,49551,10,16,0.22,46.81,8,5,0
CP-01725,Investment Fraud,66240,11,2,0.6,45.53,21,9,0
CP-01726,Investment Fraud,1162,7,7,0.02,21.01,4,8,0
CP-01727,Phishing,61113,10,11,0.1,11.63,22,10,0
CP-01728,Online Shopping Fraud,8852,10,10,0.73,30.66,14,13,1
CP-01729,Investment Fraud,43590,9,13,0.48,28.1,10,10,0
CP-01730,Online Shopping Fraud,45898,14,15,0.15,42.79,15,6,0
CP-01731,Identity Theft,91952,3,13,0.26,2.1,18,2,0
CP-01732,Investment Fraud,74074,6,3,0.21,49.25,11,9,0
CP-01733,Online Shopping Fraud,98916,6,15,0.67,1.96,19,5,1
CP-01734,Phishing,46588,10,14,0.42,38.36,9,15,0
CP-01735,Identity Theft,49689,15,18,0.13,30.55,3,3,0
CP-01736,Online Shopping Fraud,29113,4,4,0.57,9.34,5,12,0
CP-01737,UPI Fraud,54045,6,7,0.42,30.16,10,11,0
CP-01738,Identity Theft,87562,15,11,0.5,26.86,7,12,0
CP-01739,Investment Fraud,99698,8,10,0.83,22.75,5,12,1
CP-01740,Identity Theft,937,9,11,0.76,32.98,21,3,0
CP-01741,Online Shopping Fraud,76542,11,14,0.97,20.81,20,0,1
CP-01742,UPI Fraud,29885,3,20,0.62,49.95,19,13,0
CP-01743,Investment Fraud,43101,10,8,0.17,31.46,21,2,0
CP-01744,Phishing,3477,12,20,0.88,32.88,17,6,1
CP-01745,Phishing,60500,6,8,0.18,46.89,6,10,0
CP-01746,Phishing,38901,2,1,0.21,23.33,7,14,0
CP-01747,Phishing,23683,8,17,0.64,40.28,10,5,0
CP-01748,Online Shopping Fraud,61083,12,3,0.01,2.1,21,13,0
CP-01749,Online Shopping Fraud,62131,14,13,0.07,21.15,8,3,0
CP-01750,Identity Theft,85315,9,1,0.44,41.47,1,9,0
CP-01751,Identity Theft,95546,13,2,0.36,35.97,16,14,0
CP-01752,Phishing,16760,2,5,0.85,38.02,18,3,0
CP-01753,Investment Fraud,48533,7,11,0.14,12.53,15,6,0
CP-01754,Investment Fraud,13230,6,3,0.46,35.6,7,8,0
CP-01755,Online Shopping Fraud,39204,12,15,0.33,22.79,8,8,0
CP-01756,Online Shopping Fraud,5185,13,5,0.15,14.78,7,11,0
CP-01757,Identity Theft,48042,12,10,0.31,35.93,18,9,0
CP-01758,Online Shopping Fraud,93964,8,10,0.15,40.36,4,4,0
CP-01759,Phishing,38816,14,13,0.26,11.78,6,9,0
CP-01760,Identity Theft,77076,1,9,0.36,25.68,16,12,0
CP-01761,Online Shopping Fraud,81562,15,6,0.97,32.37,18,10,1
CP-01762,Identity Theft,49568,7,16,0.65,43.6,15,5,0
CP-01763,Investment Fraud,50290,1,3,0.34,15.81,7,4,0
CP-01764,Online Shopping Fraud,80275,13,4,0.65,18.15,14,0,0
CP-01765,Investment Fraud,30433,12,7,0.36,2.13,20,3,0
CP-01766,UPI Fraud,67008,2,9,0.55,26.97,23,2,0
CP-01767,Phishing,59041,10,17,0.25,13.18,23,5,0
CP-01768,UPI Fraud,30428,12,15,0.18,48.98,8,8,0
CP-01769,Phishing,97900,4,3,0.91,7.06,9,1,0
CP-01770,Investment Fraud,30330,4,19,0.76,24.13,3,1,1
CP-01771,UPI Fraud,83587,2,7,0.48,22.37,15,6,0
CP-01772,UPI Fraud,71589,10,7,0.6,15.35,0,13,1
CP-01773,UPI Fraud,94869,15,15,0.78,10.14,20,14,1
CP-01774,Online Shopping Fraud,33497,13,14,0.6,24.88,5,10,1
CP-01775,Investment Fraud,63844,9,10,0.95,15.33,17,7,1
CP-01776,Identity Theft,36582,11,18,0.5,31.48,3,5,1
CP-01777,Investment Fraud,1354,6,17,0.47,8.57,2,13,1
CP-01778,UPI Fraud,12895,15,15,0.34,34.5,5,6,0
CP-01779,UPI Fraud,30882,4,10,0.5,16.34,16,15,0
CP-01780,Phishing,90251,5,20,0.21,33.76,10,5,0
CP-01781,Online Shopping Fraud,52435,13,6,0.85,30.7,5,10,1
CP-01782,Investment Fraud,62598,11,20,0.79,39.1,8,7,1
CP-01783,Investment Fraud,62363,15,10,0.37,15.66,23,11,0
CP-01784,UPI Fraud,59444,5,14,0.56,38.25,0,12,1
CP-01785,Phishing,54080,6,5,0.97,38.47,0,6,1
CP-01786,Identity Theft,87276,12,9,0.29,18.99,10,13,0
CP-01787,Investment Fraud,43188,9,18,0.74,39.97,19,14,1
CP-01788,UPI Fraud,14503,2,8,0.16,36.28,23,15,0
CP-01789,UPI Fraud,86931,7,16,0.25,49.35,18,12,0
CP-01790,Identity Theft,13795,1,11,0.28,18.79,9,3,0
CP-01791,Phishing,18100,15,3,0.32,38.87,13,4,0
CP-01792,Online Shopping Fraud,77807,5,19,0.2,4.86,7,10,0
CP-01793,Phishing,72142,13,9,0.56,40.96,22,0,0
CP-01794,Phishing,9413,14,11,0.96,18.38,14,6,1
CP-01795,Investment Fraud,42609,8,8,0.46,16.98,21,8,0
CP-01796,Identity Theft,79617,12,1,0.14,32.29,13,12,0
CP-01797,Online Shopping Fraud,6795,14,17,0.06,49.49,11,0,0
CP-01798,Investment Fraud,57805,1,17,0.87,16.69,17,15,1
CP-01799,Online Shopping Fraud,75842,6,3,0.73,28.48,17,3,0
CP-01800,UPI Fraud,21238,13,17,0.85,4.84,14,6,1
CP-01801,Investment Fraud,90147,7,9,0.47,44.52,23,4,0
CP-01802,UPI Fraud,10071,3,19,0.34,26.62,22,13,0
CP-01803,Phishing,53120,10,10,0.01,41.5,0,0,0
CP-01804,Online Shopping Fraud,42755,7,5,0.26,11.53,21,10,0
CP-01805,Phishing,60498,11,7,0.77,28.93,11,4,0
CP-01806,Phishing,19935,4,10,0.18,1.8,19,1,0
CP-01807,Phishing,71288,6,3,0.33,16.11,7,6,0
CP-01808,UPI Fraud,40205,3,14,0.99,12.03,6,11,1
CP-01809,Phishing,18497,15,15,0.12,47.43,0,14,0
CP-01810,UPI Fraud,50361,1,15,0.44,10.33,12,3,0
CP-01811,Identity Theft,23450,9,19,0.72,6.52,6,3,0
CP-01812,UPI Fraud,97577,10,12,0.75,16.19,6,6,0
CP-01813,UPI Fraud,66941,6,16,0.26,6.04,14,0,0
CP-01814,Investment Fraud,50311,13,14,0.4,42.95,11,11,0
CP-01815,Identity Theft,9059,7,10,0.23,35.21,20,12,0
CP-01816,Phishing,2577,5,11,0.05,42.45,5,0,0
CP-01817,Investment Fraud,68476,3,5,0.7,38.23,1,6,0
CP-01818,Phishing,49219,10,14,0.82,21.25,5,4,1
CP-01819,Identity Theft,48350,15,4,0.79,1.98,6,9,1
CP-01820,UPI Fraud,82460,6,9,0.62,1.91,0,10,1
CP-01821,Phishing,62169,1,5,0.91,2.8,12,5,0
CP-01822,Identity Theft,13622,1,12,0.9,5.06,2,3,1
CP-01823,Investment Fraud,61374,7,18,0.44,42.92,20,0,0
CP-01824,Identity Theft,62922,8,9,0.13,32.99,11,3,0
CP-01825,Phishing,65092,12,19,0.2,11.36,4,4,0
CP-01826,Phishing,86903,2,4,0.72,14.47,19,3,0
CP-01827,Online Shopping Fraud,30151,5,6,0.73,15.4,22,14,0
CP-01828,Identity Theft,68646,9,19,0.99,13.7,4,10,1
CP-01829,UPI Fraud,49621,11,5,0.58,46.76,1,12,1
CP-01830,Identity Theft,26438,3,1,0.14,2.19,7,5,0
CP-01831,Identity Theft,42774,1,19,0.48,42.96,6,12,0
CP-01832,Online Shopping Fraud,28659,8,20,0.26,22.27,23,8,0
CP-01833,UPI Fraud,44717,6,6,0.26,40.45,15,14,0
CP-01834,UPI Fraud,88057,14,11,0.76,13.51,11,13,1
CP-01835,Online Shopping Fraud,71713,3,4,0.23,23.14,3,3,0
CP-01836,Online Shopping Fraud,93914,5,5,0.87,15.7,13,2,0
CP-01837,Phishing,24435,7,17,0.19,42.08,7,0,0
CP-01838,Online Shopping Fraud,96629,12,12,0.53,39.11,18,1,0
CP-01839,Phishing,48034,9,8,0.69,49.86,5,11,1
CP-01840,Online Shopping Fraud,13625,11,6,0.63,43.02,7,4,0
CP-01841,Identity Theft,80410,7,7,0.28,47.97,12,9,0
CP-01842,UPI Fraud,68886,7,16,0.47,7.24,9,0,0
CP-01843,UPI Fraud,33442,12,18,0.67,10.83,23,2,1
CP-01844,Phishing,99481,7,5,0.14,41.21,7,12,0
CP-01845,Phishing,85183,7,13,0.59,12.8,11,2,0
CP-01846,Phishing,36704,3,13,0.12,37.11,21,4,0
CP-01847,Online Shopping Fraud,58614,3,9,0.76,1.03,3,9,1
CP-01848,Online Shopping Fraud,13949,13,20,0.47,33.19,9,3,0
CP-01849,Investment Fraud,97874,10,15,0.15,44.07,23,10,0
CP-01850,Identity Theft,5870,7,9,0.11,23.59,18,5,0
CP-01851,Phishing,99912,5,8,0.52,4.88,23,11,1
CP-01852,Investment Fraud,87651,8,14,0.42,32.08,8,8,0
CP-01853,UPI Fraud,84420,9,11,0.42,41.9,11,2,0
CP-01854,Investment Fraud,13755,12,16,0.24,25.0,18,13,0
CP-01855,UPI Fraud,14126,13,16,0.56,41.95,12,12,1
CP-01856,UPI Fraud,79361,2,19,0.84,32.31,3,3,1
CP-01857,UPI Fraud,31775,6,19,0.67,45.24,13,12,1
CP-01858,Identity Theft,46021,11,15,0.85,28.88,16,1,1
CP-01859,UPI Fraud,82828,12,14,0.67,1.77,18,5,1
CP-01860,Investment Fraud,83143,6,4,0.29,20.9,0,14,0
CP-01861,UPI Fraud,47500,14,12,0.35,48.3,8,14,0
CP-01862,Identity Theft,43034,8,9,0.77,8.45,17,10,0
CP-01863,Online Shopping Fraud,99239,6,6,0.84,42.9,10,11,0
CP-01864,Identity Theft,71047,12,8,0.32,15.64,23,2,0
CP-01865,Identity Theft,41515,10,16,0.64,37.95,6,8,0
CP-01866,UPI Fraud,46453,6,15,0.9,37.86,5,10,1
CP-01867,Online Shopping Fraud,15111,4,19,0.31,25.55,20,9,0
CP-01868,Online Shopping Fraud,71050,3,13,0.62,4.26,2,2,1
CP-01869,Phishing,87425,7,9,0.15,17.34,11,12,0
CP-01870,Identity Theft,50994,2,10,0.61,48.55,10,7,0
CP-01871,Phishing,5844,4,18,0.16,49.64,0,15,0
CP-01872,UPI Fraud,91605,4,8,0.88,22.3,6,4,0
CP-01873,Online Shopping Fraud,39401,4,1,0.86,24.42,14,13,0
CP-01874,Online Shopping Fraud,72750,10,7,0.41,42.47,18,12,0
CP-01875,Investment Fraud,51238,12,9,0.71,49.1,8,13,1
CP-01876,Investment Fraud,48277,15,8,0.32,18.18,22,4,0
CP-01877,Online Shopping Fraud,92569,4,18,0.58,5.28,16,15,0
CP-01878,Identity Theft,41589,2,20,0.23,17.74,22,7,0
CP-01879,UPI Fraud,35775,10,2,0.46,22.17,18,13,0
CP-01880,Phishing,22958,1,18,0.45,32.69,11,15,0
CP-01881,UPI Fraud,8859,11,12,0.07,36.08,18,8,0
CP-01882,Phishing,94034,10,16,0.43,38.34,4,12,1
CP-01883,Online Shopping Fraud,87243,8,10,0.54,33.9,10,7,0
CP-01884,UPI Fraud,67078,7,5,0.77,49.02,18,10,0
CP-01885,Online Shopping Fraud,80400,1,12,0.59,38.84,2,2,0
CP-01886,Phishing,54725,12,6,0.73,12.82,19,5,0
CP-01887,Online Shopping Fraud,4364,11,16,0.73,16.92,3,12,1
CP-01888,Investment Fraud,92372,11,13,0.8,19.37,15,4,1
CP-01889,UPI Fraud,24484,2,10,0.36,35.51,8,15,0
CP-01890,Investment Fraud,24691,5,13,0.2,17.88,20,2,0
CP-01891,Online Shopping Fraud,59708,13,4,0.52,1.51,19,1,0
CP-01892,UPI Fraud,8252,11,12,0.1,0.59,16,0,0
CP-01893,UPI Fraud,43342,7,10,0.03,45.3,18,11,0
CP-01894,Phishing,23095,4,20,0.5,26.99,11,3,0
CP-01895,Identity Theft,79106,6,19,0.18,22.31,5,4,0
CP-01896,Investment Fraud,4476,10,2,0.94,44.47,3,9,1
CP-01897,Phishing,14626,6,6,0.59,8.79,3,15,0
CP-01898,Identity Theft,79602,3,20,0.92,46.92,21,12,1
CP-01899,Identity Theft,15754,11,18,0.07,12.69,4,7,0
CP-01900,Online Shopping Fraud,25186,13,13,0.04,3.4,15,3,0
CP-01901,Online Shopping Fraud,12421,11,11,0.91,28.37,22,12,1
CP-01902,Identity Theft,84805,4,10,0.32,22.67,6,9,0
CP-01903,Online Shopping Fraud,53484,7,13,0.08,1.68,3,10,0
CP-01904,Online Shopping Fraud,63952,10,13,0.31,49.62,9,1,0
CP-01905,Investment Fraud,5956,4,3,0.31,29.58,18,5,0
CP-01906,Investment Fraud,97395,1,18,0.03,48.36,12,6,0
CP-01907,UPI Fraud,70985,1,14,0.74,26.44,5,11,1
CP-01908,UPI Fraud,28614,2,15,0.95,44.67,22,10,1
CP-01909,Identity Theft,94089,4,16,0.21,32.2,0,1,0
CP-01910,Phishing,27504,15,4,0.92,0.73,7,10,1
CP-01911,Phishing,51607,14,8,0.37,41.97,1,4,0
CP-01912,Phishing,78979,4,20,0.67,44.16,13,9,0
CP-01913,Investment Fraud,86134,12,9,0.41,1.01,13,12,0
CP-01914,UPI Fraud,25337,14,16,0.25,1.02,22,12,0
CP-01915,UPI Fraud,91726,13,15,0.13,34.63,2,3,0
CP-01916,Identity Theft,21330,15,16,0.07,27.08,5,8,0
CP-01917,Identity Theft,37830,9,10,0.28,28.72,3,3,0
CP-01918,Identity Theft,26993,2,18,0.85,10.44,16,1,0
CP-01919,UPI Fraud,63259,2,4,0.23,41.74,5,2,0
CP-01920,Online Shopping Fraud,32186,7,20,0.37,37.05,14,1,0
CP-01921,Investment Fraud,25268,13,7,0.72,2.67,0,4,1
CP-01922,Identity Theft,33373,15,6,0.35,10.43,20,1,0
CP-01923,Investment Fraud,50311,3,10,0.51,11.65,20,6,0
CP-01924,Online Shopping Fraud,86746,12,15,0.03,22.31,7,9,0
CP-01925,Identity Theft,21615,3,18,0.96,3.31,21,2,1
CP-01926,UPI Fraud,68401,9,1,0.62,8.91,10,11,0
CP-01927,Identity Theft,19307,15,4,0.68,0.79,0,1,1
CP-01928,UPI Fraud,74811,2,8,0.76,2.24,17,2,0
CP-01929,Identity Theft,85547,14,16,0.94,32.42,9,12,1
CP-01930,Identity Theft,98550,4,16,0.61,17.58,20,14,0
CP-01931,Identity Theft,20572,8,18,0.88,11.58,9,5,1
CP-01932,UPI Fraud,34213,15,6,0.37,1.54,9,4,0
CP-01933,Phishing,60784,7,18,0.85,49.38,4,11,1
CP-01934,Investment Fraud,53688,7,14,0.46,22.89,12,14,0
CP-01935,Phishing,44776,6,13,0.13,26.73,7,6,0
CP-01936,Investment Fraud,74999,4,20,0.36,23.44,13,11,0
CP-01937,Online Shopping Fraud,28485,7,5,0.47,27.37,14,9,0
CP-01938,Online Shopping Fraud,54517,1,7,0.22,27.81,5,12,0
CP-01939,Investment Fraud,57094,3,15,0.02,10.72,18,5,0
CP-01940,Phishing,98276,11,19,0.77,32.24,18,6,1
CP-01941,Online Shopping Fraud,54408,6,15,0.25,37.05,15,10,0
CP-01942,UPI Fraud,80758,9,2,0.68,39.45,2,0,0
CP-01943,Phishing,7414,6,3,0.31,45.14,6,4,0
CP-01944,Identity Theft,40812,14,3,0.36,45.51,18,14,0
CP-01945,Phishing,44883,12,6,0.29,5.52,17,5,0
CP-01946,Investment Fraud,21898,7,4,0.53,31.11,5,15,0
CP-01947,UPI Fraud,90934,14,8,0.98,33.36,4,14,1
CP-01948,UPI Fraud,99547,1,5,0.88,23.9,15,5,0
CP-01949,UPI Fraud,77331,12,12,0.93,29.45,5,14,1
CP-01950,UPI Fraud,64956,11,19,0.34,17.32,2,11,1
CP-01951,Phishing,23730,3,20,0.3,19.98,4,3,0
CP-01952,Online Shopping Fraud,83628,6,10,0.71,47.46,2,11,1
CP-01953,Investment Fraud,65347,1,20,0.89,21.18,5,11,1
CP-01954,Investment Fraud,25668,9,9,0.98,45.26,0,15,1
CP-01955,UPI Fraud,22373,1,8,0.7,13.52,13,10,0
CP-01956,Online Shopping Fraud,36261,12,15,0.66,16.98,1,4,1
CP-01957,Identity Theft,1899,12,19,0.02,19.34,15,12,0
CP-01958,Identity Theft,5216,12,9,0.7,17.11,16,13,1
CP-01959,Identity Theft,93204,6,5,0.94,36.1,17,6,0
CP-01960,Online Shopping Fraud,37415,5,3,0.91,45.98,2,10,1
CP-01961,Investment Fraud,15379,1,5,0.81,5.8,2,5,0
CP-01962,UPI Fraud,9014,3,19,0.8,39.05,2,0,1
CP-01963,Investment Fraud,97034,13,11,0.87,31.06,4,14,1
CP-01964,Phishing,87654,2,20,0.12,35.36,6,2,0
CP-01965,UPI Fraud,12519,12,3,0.0,39.68,7,6,0
CP-01966,Identity Theft,94475,2,13,0.32,26.7,15,6,0
CP-01967,Identity Theft,79858,12,6,0.47,36.71,18,1,0
CP-01968,Online Shopping Fraud,24738,9,1,0.08,48.72,8,4,0
CP-01969,Phishing,75923,4,4,0.7,4.25,5,10,1
CP-01970,Phishing,21789,7,19,0.3,20.91,20,9,0
CP-01971,Investment Fraud,56405,5,12,0.74,26.76,20,8,0
CP-01972,Online Shopping Fraud,99367,3,3,0.06,24.95,23,1,0
CP-01973,UPI Fraud,99544,14,14,0.08,38.34,22,14,0
CP-01974,Online Shopping Fraud,98052,11,3,0.32,38.68,11,2,0
CP-01975,Identity Theft,34898,12,11,0.45,37.24,15,11,0
CP-01976,Online Shopping Fraud,39853,13,16,0.31,49.96,6,7,0
CP-01977,Identity Theft,22854,1,12,0.41,44.06,10,12,0
CP-01978,Phishing,61368,8,5,0.14,37.65,13,0,0
CP-01979,Phishing,42013,7,5,0.4,1.19,21,5,0
CP-01980,Investment Fraud,78217,3,7,0.09,19.87,4,8,0
CP-01981,Phishing,26420,1,16,0.39,15.52,17,8,0
CP-01982,UPI Fraud,25396,8,20,0.72,21.93,5,15,1
CP-01983,Phishing,46816,2,3,0.95,35.45,19,9,0
CP-01984,Phishing,31321,9,16,0.8,21.11,0,9,1
CP-01985,Online Shopping Fraud,44878,11,10,0.68,21.74,3,4,1
CP-01986,UPI Fraud,37448,6,12,0.81,43.27,11,15,1
CP-01987,Investment Fraud,2821,8,12,0.42,10.87,10,7,0
CP-01988,Phishing,83582,15,16,0.79,27.97,18,10,1
CP-01989,Phishing,17163,6,19,0.97,11.83,18,7,1
CP-01990,Phishing,64540,10,16,0.89,16.02,3,12,1
CP-01991,UPI Fraud,82237,6,3,0.53,23.4,23,8,0
CP-01992,UPI Fraud,59414,7,7,0.79,14.17,4,11,1
CP-01993,Online Shopping Fraud,62594,4,8,0.63,16.7,19,15,0
CP-01994,Phishing,19652,13,9,0.96,24.49,10,6,1
CP-01995,Phishing,78826,10,4,0.3,3.5,6,9,0
CP-01996,UPI Fraud,49784,7,1,0.3,10.61,9,0,0
CP-01997,Identity Theft,85911,11,14,0.08,23.51,4,14,0
CP-01998,Investment Fraud,73279,3,20,0.44,16.05,8,14,0
CP-01999,UPI Fraud,26423,12,20,0.45,8.56,4,10,1
CP-02000,Online Shopping Fraud,16741,1,11,0.55,18.76,10,12,0
